depart_time,start,end,request_id
19397,773,740,152
19860,797,854,266
19918,776,871,278
20499,746,780,340
21443,772,740,501
21549,788,776,505
22017,799,858,589
22481,787,762,751
22783,750,817,791
22954,870,816,862
23863,817,780,993
23230,749,740,1026
23545,801,817,1122
23703,750,785,1142
23815,737,800,1207
23796,788,740,1220
24065,851,784,1313
24185,799,759,1337
24397,734,733,1425
24888,777,794,1577
25035,782,776,1656
25768,836,843,1731
25352,732,782,1760
25965,749,778,1928
25899,736,795,2062
25969,746,780,2134
26753,843,844,2404
26204,788,782,2435
27096,755,789,2690
26904,779,740,2917
26767,788,738,2920
26942,851,794,2956
26880,737,850,3042
27017,870,791,3056
26933,758,799,3061
26897,812,865,3104
27150,777,772,3224
27115,801,807,3255
27204,740,772,3420
27643,864,793,3582
27395,829,833,3622
27471,849,734,3688
27720,737,869,3836
27974,788,780,3964
27788,849,738,4024
27938,746,786,4079
27914,759,807,4153
27983,840,848,4162
28303,827,842,4190
28711,843,843,4209
28187,760,780,4221
28161,790,795,4322
28208,740,854,4344
28230,760,781,4433
28262,790,779,4437
28437,864,790,4473
28413,790,854,4536
28317,741,782,4543
28328,746,789,4574
28377,851,769,4619
28422,806,766,4671
28547,856,738,4681
28491,816,772,4747
28751,817,777,4851
28851,870,858,4999
29289,820,740,5027
28861,851,740,5044
29045,817,738,5050
29039,862,780,5130
29085,851,783,5137
28860,755,774,5155
28907,801,807,5189
28966,740,805,5255
29133,869,871,5392
29390,784,747,5599
29427,736,782,5608
29461,832,833,5645
29932,755,756,5694
29516,760,807,5822
29844,766,799,5906
29744,830,833,6055
30376,815,783,6104
30064,779,858,6208
29839,790,772,6217
30580,857,763,6350
29991,760,740,6354
30142,870,762,6370
30727,835,833,6378
30067,841,837,6474
30504,752,850,6769
30493,747,817,6898
30432,801,805,6912
30682,870,790,6943
31183,857,807,6996
30681,737,732,7128
30800,828,837,7263
30715,788,856,7277
30785,843,833,7344
30979,817,800,7407
30919,736,774,7521
31506,816,773,7579
31013,760,817,7650
31117,739,780,7657
31159,777,865,7749
31153,817,740,7824
31284,788,794,7858
31292,801,761,7970
31591,732,774,8158
31672,747,741,8350
31650,852,799,8362
31776,869,788,8375
31707,835,833,8403
32265,832,835,8487
31941,734,785,8630
31953,773,788,8671
32021,827,838,8674
31877,801,780,8707
32564,797,774,8925
32163,801,808,9048
32143,863,790,9065
32375,870,858,9127
32336,737,740,9200
32324,733,736,9264
32504,815,861,9427
32736,738,788,9762
32772,815,748,9791
32802,833,840,9827
32932,833,841,9873
33057,787,740,10017
33762,857,807,10029
33398,851,780,10239
33531,760,772,10280
33826,837,833,10343
33663,801,758,10371
33947,812,861,10520
34011,858,794,10564
34302,861,773,10623
34697,840,840,10637
34232,788,808,10641
34376,788,773,10710
34314,817,747,10746
34847,806,858,10760
34494,847,841,10765
34605,806,756,10904
34852,869,785,10939
34707,768,858,10959
34730,830,833,10965
34752,804,761,10984
34869,799,740,11026
34872,815,790,11040
35429,851,740,11312
35358,799,759,11324
35653,768,753,11515
35868,852,799,11611
35882,857,754,11653
36049,812,757,11696
36359,782,854,11906
36560,851,772,12072
36616,790,869,12120
37315,816,780,12492
37226,784,786,12500
37330,773,806,12511
37468,821,744,12597
38117,820,740,12750
38039,833,835,12840
37975,816,790,12913
37988,851,865,12933
38439,870,849,13087
38407,832,840,13152
38631,827,842,13193
38406,760,751,13220
38456,772,800,13252
38711,734,854,13338
39241,806,858,13409
38905,750,740,13498
39223,851,738,13568
39633,816,740,13898
39572,816,856,13916
39730,750,786,13965
39657,776,856,13970
39742,790,794,13994
39818,749,817,14018
40168,739,795,14183
40188,737,864,14185
40203,737,751,14250
40477,732,773,14323
40326,773,732,14329
40671,829,833,14478
40623,862,861,14512
41012,777,781,14729
41044,864,747,14747
41443,851,805,14938
41971,807,852,15245
42394,790,854,15548
43208,749,816,15763
43333,851,816,16088
43385,787,858,16126
43550,862,788,16128
44305,755,753,16319
44102,787,797,16487
44056,788,795,16535
44243,740,734,16578
44494,843,841,16676
44449,755,814,16803
44568,790,786,16887
44741,851,870,16947
44853,869,733,17001
44827,857,789,17012
44969,862,783,17077
45418,817,780,17093
45624,862,783,17468
45816,777,869,17595
46264,862,740,17832
46282,851,784,17919
46487,817,744,18001
46501,832,843,18081
46580,768,814,18097
46749,736,736,18239
47428,761,758,18691
47515,797,855,18752
47836,862,774,18811
47901,766,804,18900
47928,841,833,18911
47820,801,794,18960
48124,862,744,19152
48148,737,773,19165
48502,816,750,19424
48700,840,833,19453
48566,864,773,19517
49173,838,838,19572
48901,788,782,19767
48903,746,805,19778
49148,870,762,19824
49138,797,740,19878
49456,806,766,20154
49529,812,761,20201
49723,747,744,20308
49923,864,817,20412
50093,777,780,20593
50123,777,773,20617
50551,796,805,20798
50735,740,735,21106
50920,862,776,21260
51040,733,779,21343
51536,817,749,21487
51272,806,758,21526
51386,864,749,21546
51534,737,776,21653
51469,790,790,21654
51622,776,740,21794
51963,804,861,21965
52164,870,733,21982
51947,777,780,22015
52136,747,865,22112
52395,755,763,22365
52493,812,858,22430
52483,812,858,22431
53193,847,840,22678
53089,862,790,22851
53499,788,784,23140
53938,740,788,23450
54075,821,745,23507
54248,741,787,23608
54173,857,740,23609
54354,746,774,23675
54330,869,785,23727
54559,862,738,23805
54570,817,750,23859
54638,835,846,23997
54694,740,746,24027
54767,782,736,24064
54720,832,838,24088
54738,832,826,24112
54898,788,867,24273
55361,861,822,24277
55024,815,802,24301
54951,816,867,24324
55194,870,789,24462
55295,816,746,24661
55426,799,768,24674
55479,759,766,24778
55632,821,852,24865
55769,832,825,24916
55611,799,854,24929
55798,777,817,25151
56078,747,744,25184
55853,776,794,25196
56122,817,736,25237
56218,750,785,25274
56259,847,836,25328
56210,789,865,25450
56345,747,742,25589
56308,734,800,25641
56740,760,789,25772
57364,838,838,25812
56721,740,805,25867
56741,734,858,25882
56842,787,804,25994
56982,750,816,25995
57196,858,870,26260
57150,739,744,26302
57395,747,786,26502
57279,851,741,26508
57583,749,854,26523
57482,804,775,26553
57334,797,789,26555
57673,816,817,26691
57668,794,761,26697
57708,841,828,26699
57731,832,825,26905
57929,841,833,26917
57815,797,763,26937
57871,750,740,26943
58020,782,861,27033
57921,812,871,27060
58300,851,858,27432
58529,870,790,27488
58514,860,759,27546
58560,736,751,27574
58527,863,780,27674
59400,817,780,27830
58754,857,794,27873
58980,840,843,27939
59054,790,783,28063
59180,851,861,28182
59138,788,780,28208
59376,862,741,28350
59363,740,854,28365
59404,801,785,28444
59618,799,759,28462
59487,856,865,28523
59524,787,769,28565
60364,835,833,28655
60120,828,840,28711
59719,797,768,28746
60118,749,788,28846
59856,832,826,28862
59955,816,750,28865
60194,862,782,28959
60070,812,785,29023
60310,812,861,29101
60204,799,761,29123
60164,862,738,29151
60645,788,786,29440
60635,862,736,29459
60930,862,746,29573
60831,788,780,29636
61258,794,794,29661
60915,797,759,29743
60927,801,783,29795
61224,843,840,29834
61242,832,838,29918
61543,739,861,30115
61786,830,833,30408
61797,833,837,30502
61752,832,827,30550
61799,864,818,30592
62000,843,836,30607
61865,832,827,30664
62053,776,754,30878
62144,856,783,30974
62230,815,790,31067
62691,737,788,31354
62612,851,738,31457
62588,808,809,31523
62759,761,761,31712
62874,768,860,31768
62837,835,840,31782
63045,851,867,31887
62943,738,799,31910
63024,755,794,31992
63043,851,736,32013
63374,739,854,32096
63354,782,736,32287
63360,773,854,32313
63575,766,807,32342
63616,851,816,32383
63615,816,740,32496
63504,734,788,32558
63559,775,753,32624
63583,816,748,32636
63711,813,864,32670
64279,840,841,32673
63647,790,773,32703
63912,746,736,32886
63885,841,840,32949
63999,812,740,32969
64149,801,783,32982
64251,865,747,33072
64648,750,744,33109
64247,747,779,33222
64332,755,869,33288
64712,755,759,33302
64322,817,769,33403
64360,785,742,33448
64862,831,825,33486
64600,758,773,33569
64596,782,822,33592
64556,785,749,33651
64678,796,804,33703
64769,775,753,33806
64797,739,817,33826
64849,797,763,33850
64782,736,732,33922
64797,817,807,33939
65458,840,841,33963
64909,789,858,33968
65036,734,773,34089
64995,740,773,34130
65108,812,794,34164
65260,829,839,34239
65145,813,759,34324
65270,766,804,34387
65355,797,758,34423
65378,789,865,34427
65532,851,869,34669
65464,828,830,34670
65464,851,786,34671
65636,782,740,34685
65589,814,854,34802
66181,820,820,34875
65963,736,751,34989
65832,773,862,35026
65854,835,846,35106
66157,847,841,35190
66021,790,796,35236
66149,842,839,35331
66275,760,807,35335
66234,782,788,35459
66258,784,788,35518
66829,857,857,35526
66292,816,741,35556
66340,737,776,35607
66359,866,790,35692
66437,797,763,35726
66426,845,826,35760
66442,851,854,35800
67019,801,869,36146
67145,759,766,36424
67115,851,789,36446
67166,782,741,36497
67549,833,841,36598
67389,750,785,36600
67446,732,788,36607
67290,832,826,36651
67389,775,741,36676
67349,861,747,36693
67741,864,738,36706
67377,816,773,36743
67701,852,794,36919
67624,740,789,36970
67637,755,819,37014
67924,862,744,37170
67852,851,780,37174
68094,779,750,37198
68035,740,736,37332
68034,772,858,37339
67987,739,744,37369
68444,841,833,37435
68162,788,854,37596
68223,851,773,37602
68372,749,774,37650
68675,827,842,37799
68442,789,865,37891
68854,858,782,38034
68698,832,827,38168
68813,773,856,38222
68777,815,858,38252
69010,843,836,38265
68992,864,741,38371
68964,870,854,38385
69055,734,747,38399
69263,830,830,38443
69130,862,744,38483
69467,780,776,38540
69646,735,781,38656
69710,759,855,38753
69980,780,748,38782
69964,816,856,38812
69911,851,856,38866
70185,797,783,38997
70315,790,783,39061
70287,755,794,39082
70300,801,794,39092
70576,750,855,39136
70521,739,736,39141
70524,821,819,39175
70619,864,732,39222
71091,816,781,39459
71576,768,817,39694
71782,755,759,39846
71914,862,738,39897
72217,777,794,40013
72194,784,738,40045
72637,736,744,40253
72797,862,800,40302
72661,833,841,40316
73367,839,839,40402
72880,816,818,40450
72956,735,817,40488
73190,740,794,40613
73265,740,785,40656
73598,870,854,40673
73360,797,768,40680
73672,865,854,40812
73714,775,819,40824
73826,815,808,40853
73695,869,799,40855
73745,835,833,40889
74105,747,869,41002
74067,799,855,41004
74161,860,789,41038
74239,842,842,41055
74143,832,827,41082
74305,833,840,41125
74242,862,858,41135
74345,806,794,41185
74576,799,769,41254
74567,857,788,41284
74650,738,747,41303
74627,801,800,41343
74690,740,773,41354
74888,832,840,41382
74841,851,755,41387
74758,734,794,41409
74761,863,744,41414
75273,870,762,41558
75224,851,784,41626
75200,851,783,41637
75448,801,789,41732
75499,784,772,41764
75491,864,790,41791
76080,870,763,41957
75894,829,833,41989
76279,829,826,42066
76216,798,798,42093
76361,856,789,42155
76332,734,747,42161
77078,820,740,42229
76520,790,865,42248
76732,779,788,42249
76546,816,854,42255
77081,797,786,42284
76747,815,782,42387
76764,750,814,42399
76805,747,858,42424
77100,787,780,42511
77156,737,788,42581
77250,827,833,42582
77338,832,840,42624
77263,870,740,42628
77221,775,794,42655
77639,870,788,42722
77466,773,790,42749
77508,841,840,42799
77546,741,780,42816
77957,799,785,42962
77987,797,758,43016
78148,739,739,43043
78067,870,789,43090
78289,804,785,43106
78567,831,839,43112
78899,843,843,43191
78278,761,799,43218
78290,817,741,43225
78648,784,759,43378
79063,799,857,43456
78875,797,787,43482
78980,862,788,43584
79593,760,768,43765
79488,799,799,43786
79596,865,733,43820
79893,797,858,43933
80004,862,740,43960
80117,816,750,43963
80276,828,833,43981
80420,772,743,44032
80542,862,740,44036
80951,861,740,44101
81084,812,817,44105
80887,734,744,44114
80923,815,788,44118
81070,773,743,44133
81207,816,759,44170
83305,739,743,44502
83821,797,758,44560
83794,814,794,44566
83978,851,869,44594
84973,817,815,44706
84709,806,858,44708
84746,832,840,44714
84968,816,744,44741
85458,788,749,44802
86071,790,861,44894
86836,864,799,44990
86853,734,869,44998
