Transit Fare ($),Micro distance based fare ($/mile),Micro start fare ($),Fleet size,Total subsidy ($),Total mob. Logsum increase with micro,car_users,car_mode_share (%),trsit_mode_users (W_M_F),transit_mode_share (%),pure_M_users,M_mode_share (%),M_trips,pure_F_users,F_mode_share (%),F_trips,pure_walk_users,W_mode_share (%),walk_users,M_pls_F_users,M_pls_F_mode_share (%),F_oper_cost ($),M_oper_cost ($),F_revenue ($),M_revenue ($),Total_T_revenue ($),sub_per_F_trip ($),sub_per_F_rider ($),sub_per_M_trip ($),sub_per_M_rider ($),sub_per_T_trip ($),sub_per_T_rider ($),sub_per_M_pax_mile ($/mi),sub_per_F_pax_mile ($/mi),sub_per_T_pax_mile ($/mi),sub_per_M_VMT ($/mi),sub_per_F_VMT ($/mi),sub_per_T_VMT ($/mi),tt_auto_gas_cost ($),auto_gas_cost_per_mile ($/mi),avg_M_fare,avg_F_fare,avg_T_fare,avg_auto_gas_cost,tt_o_pckt_cost ($),tt_gen_cost,tt_mode_switch,M_avg_wait_time (s),F_avg_wait_time (s),avg_walk_time (s),tt_walk_time (h),car_VMT (mi),M_VMT (mi),M_PMT (mi),M_PMT/M_VMT,F_VMT (mi),F_PMT (mi),F_PMT/F_VMT,tt_VMT (mi),tt_walk_dist (mi),wghted_acc_emp_5_min,wghted_acc_emp_10_min,wghted_acc_emp_15_min,M_util_rate (%),M_veh_occ,M_avg_speed (mph)
2.0,2.25,0.0,6,-14077.84419850163,2383.5791277631374,3257.0,0.8655328195588626,506.0,0.1344671804411374,357.0,0.09487111347329259,380.0,16.0,0.004251926654265214,37.0,115.0,0.030560722827531226,269.0,18.0,0.0047834174860483655,3157.5551018271553,11910.816952727719,74.0,916.5278560532446,990.5278560532446,83.3393270764096,90.6927971125634,28.93233972809072,29.3181042577986,33.75981822182645,36.004716620208775,26.990069427939453,71.03902939008927,31.23189193379877,15.90601766650439,2.011780887706366,6.330102244883464,1401.0180452778586,0.3057746000000004,2.444074282808652,2.176470588235294,2.5333193249443595,0.43015598565485375,2391.5459013311033,4643.157858045177,339.0,231.13921373573754,462.1621621621622,515.0607345329901,38.486482663715094,4581.865352052972,691.2031236974384,407.345713801442,0.5893285198458539,1532.7489791111002,43.406492576,0.028319374644877,6805.817454861511,107.1743757058585,197.59093833390534,3454.3593918259685,6222.088455867711,21.74482773852328,0.5795971347783374,27.46042167751826
4.75,4.75,1.75,3,-7943.205970261501,1644.8874688772196,3450.0,0.9168216848259367,313.0,0.08317831517406325,155.0,0.04119053946319426,159.0,4.0,0.0010629816635663034,8.0,150.0,0.03986181238373638,206.0,4.0,0.0010629816635663034,3157.5551018271553,5949.768891089976,38.0,1126.1180226556316,1164.1180226556316,389.9443877283944,389.9443877283944,30.33742684549902,30.33742684549902,47.56410760635629,48.73132497092945,27.023476546855413,288.86299418861955,41.96139255530689,14.746214965401135,2.035268099565987,4.270862083228546,1483.6293696949338,0.3057745999999991,7.0825032871423375,4.75,7.141828359850501,0.43003749846229966,2647.7473923505654,4412.500906342892,134.0,185.90116544255608,450.0,715.0675001058789,40.917751394947516,4852.036008533534,327.11111832778903,178.49853108539614,0.5456816386978558,1532.7489791111002,10.79942798,0.0070457903591382605,6711.896105972423,114.50481885884008,231.4630801083421,4082.1792503152287,6327.4873059711945,20.045180346129783,0.5408666487820675,27.76238401379093
3.5,0.5,1.5,8,-18038.625857000963,2648.72816789514,3190.0,0.8477278766941271,573.0,0.15227212330587298,441.0,0.11719372840818496,443.0,4.0,0.0010629816635663034,6.0,126.0,0.03348392240233856,308.0,2.0,0.0005314908317831517,3157.5551018271553,15886.482888048517,21.0,984.4121328747094,1005.4121328747094,522.7591836378592,522.7591836378592,33.638985903326876,33.638985903326876,40.175113267262724,40.354867689040184,23.290880876046845,515.7128826586005,27.927622613836693,15.865281208552586,2.0463592829441413,7.297069121488369,1347.7138631963396,0.3057745999999988,2.2221492841415564,3.5,2.249244145133578,0.4224808348577867,2353.125996071049,4712.20220320398,419.0,212.26449393655977,450.0,449.7783786508665,38.48103906235191,4407.540270501032,939.2881575361213,639.8242657494168,0.6811799559229637,1532.7489791111002,6.081979347999999,0.003968020485342076,6879.577407148254,107.22181633670785,198.96769755210514,3406.153695910189,6230.613438429883,21.246694011585703,0.6818199165102757,28.092693022934593
0.75,2.75,3.0,2,-6121.117973973907,1597.9612979012747,3407.0,0.905394631942599,356.0,0.09460536805740101,144.0,0.038267339888386924,154.0,77.0,0.02046239702365134,92.0,125.0,0.03321817698644698,255.0,10.0,0.0026574541589157587,3157.5551018271553,3999.7375924240296,69.0,967.1747202772773,1036.1747202772772,33.57125110681691,35.50063335433512,19.69196670225164,19.69196670225164,24.882593390137835,26.49834620767925,16.5082446996283,30.96124453917405,21.594640787292466,9.273651524216241,2.0150430004646465,3.2913527938704203,1446.179785215133,0.3057745999999992,6.280355326475827,0.7931034482758621,4.485604849685182,0.4244730804858037,2482.35450549241,4467.571053190236,132.0,208.66425460864383,450.0,604.2933524826595,42.80411246752172,4729.561530667154,327.0084997509164,183.69989828264625,0.5617587873788331,1532.7489791111002,99.75552171099994,0.06508275201647956,6589.319009529171,119.6250407070299,207.95886638231522,3292.224193194741,6099.376752980207,29.999190912553956,0.5409502721548778,27.59655841390529
0.0,1.0,2.25,3,-8280.908322744788,2020.3024818010824,3204.0,0.8514483125166091,559.0,0.1485516874833909,237.0,0.06298166356630348,252.0,204.0,0.05421206484188148,246.0,103.0,0.027371777836832315,415.0,15.0,0.003986181238373638,3157.5551018271553,6022.543287993027,0.0,899.1900670753926,899.1900670753926,12.835589844825835,14.418059825694773,20.33076674967315,20.33076674967315,16.62832996535098,18.15988667268594,15.422957302798729,13.002855457485614,14.400938985153935,9.056409846803353,2.06006015652892,3.946174749442005,1349.2851727061943,0.30577459999999956,3.5682145518864785,0.0,1.9719080418320012,0.42112520995823793,2248.475239781587,4513.17250512428,246.0,292.33688548615993,450.0,404.1298207084291,46.58718766499947,4412.679054133981,565.715698337794,332.19006707539313,0.5872031977395108,1532.7489791111002,242.8355150260001,0.15843136634599472,6511.143731582875,129.06671311127818,198.24523051747454,2962.29975873713,6100.498787693231,33.67254199830091,0.5755804610190115,28.188211087675377
3.0,3.25,0.75,7,-15930.320294553594,2142.0425698796084,3406.0,0.9051288865267074,357.0,0.09487111347329259,206.0,0.05474355567366463,212.0,10.0,0.0026574541589157587,15.0,136.0,0.03614137656125432,207.0,5.0,0.0013287270794578793,3157.5551018271553,13768.499764448277,45.0,950.7345717218391,995.7345717218391,207.50367345514368,207.50367345514368,60.46115656946433,60.74770233519639,70.17762244296738,72.08289726042351,52.61578610337176,177.54841482695778,61.002666251254546,32.99093801564442,2.030701141704394,8.291545229621374,1457.807283309035,0.30577459999999984,4.505851050814403,3.0,4.505586297383887,0.42801153356107896,2453.541855030874,4449.055016836069,165.0,180.0,450.0,749.1840806354044,43.078084636535756,4767.5879007250305,388.5238178632026,243.6106374528735,0.6270159672389702,1532.7489791111002,17.530740023,0.011437450138225991,6688.860697699333,120.55032620148785,327.6519135284919,4456.986094804506,6358.196372055023,10.57867812537884,0.6306816322894802,27.22245923626502
4.5,1.5,2.5,5,-11979.619307273562,2083.4987155823433,3382.0,0.8987509965453095,381.0,0.1012490034546904,231.0,0.06138719107095403,233.0,2.0,0.0005314908317831517,4.0,146.0,0.038798830720170076,225.0,2.0,0.0005314908317831517,3157.5551018271553,9904.532833549121,18.0,1064.4686281027132,1082.4686281027132,784.8887754567888,784.8887754567888,37.94018972294596,37.94018972294596,50.54691690832727,50.97710343520665,27.51236394860073,627.49946956732,36.711746874884184,17.447551570353564,2.0483165505991097,5.874049734544796,1439.594085677454,0.30577459999999895,4.568534884561001,4.5,4.606249481288141,0.42566353804773915,2522.062713780167,4508.176520064343,218.0,217.08312211079334,450.0,681.0694596572912,42.5668412285807,4708.023772011995,506.6650280299054,321.3124187351415,0.6341712985096266,1532.7489791111002,5.003279291999998,0.0032642522423349395,6747.4377791530005,118.86519398260975,211.95915889171167,3667.249134511905,6272.540521542333,18.423319911773973,0.6371180396540899,27.762998877266885
1.25,4.0,0.75,5,-11907.033571575199,1867.323524160062,3378.0,0.8976880148817433,385.0,0.1023119851182567,168.0,0.044645229869784746,214.0,35.0,0.009301089556205155,76.0,144.0,0.038267339888386924,259.0,38.0,0.010098325803879883,3157.5551018271553,9863.123601812375,93.75,1019.8951320643295,1113.6451320643296,40.313225024041515,41.969932901741856,41.323497522187125,42.928293542466236,41.05873645370758,49.40677830529128,41.160244640930046,34.7593486443057,39.29816206062935,23.842811226490706,1.9988955423111574,6.254856920587481,1437.6017874800664,0.3057745999999997,4.9509472430307255,1.2842465753424657,4.620934157943276,0.42557779380700606,2551.246919544396,4551.922199810797,158.0,190.96972836493464,444.07894736842104,630.1386106944333,45.33497226940506,4701.50819420602,370.8970551225402,214.84878301608234,0.5792679668084685,1532.7489791111002,88.14334046300002,0.05750670309636592,6605.15422843966,126.8660327292509,286.41225614207144,4049.011988528068,6300.27946538101,14.195651591717509,0.563657983378488,27.218908362956082
1.75,0.0,2.75,7,-16025.869865269215,2504.926236755196,3260.0,0.8663300558065373,503.0,0.13366994419346268,356.0,0.09460536805740101,357.0,20.0,0.005314908317831517,22.0,126.0,0.03348392240233856,286.0,1.0,0.00026574541589157585,3157.5551018271553,13888.56476344206,38.5,981.75,1020.25,141.77523190123432,148.52643342034074,36.15354275473967,36.15354275473967,42.284617058757824,42.50893863466635,23.405397056117536,137.46773015881857,27.913046863459932,16.50108945701823,2.0349418882901587,6.922835693642197,1370.1088234737745,0.30577459999999956,2.75,1.8333333333333333,2.706233421750663,0.4202787802066793,2390.3588234737745,4679.562472496678,333.0,214.2057737178261,450.0,494.6713459105723,39.298890258451024,4480.780363947092,782.1795522690499,551.4460930740147,0.7050121567027762,1532.7489791111002,22.689362065000005,0.014803051493897216,6795.708895327242,109.50710996403136,206.32706794875185,3724.420512496592,6287.215160223989,20.130159779584837,0.6853000143871576,28.041473076237235
3.75,3.0,1.0,3,-8006.095461493234,1879.7290140140449,3349.0,0.8899813978208876,414.0,0.11001860217911241,230.0,0.06112144565506245,237.0,10.0,0.0026574541589157587,17.0,167.0,0.04437948445389317,275.0,7.0,0.0018602179112410311,3157.5551018271553,6001.624259064198,63.75,1089.3338993981201,1153.0838993981201,181.98853540159737,181.98853540159737,20.726963542894843,20.726963542894843,31.520060872020608,32.41334194936532,17.290021069682602,157.21000973058872,26.353981171320246,9.881324854908566,2.0184682188608414,3.944127014119091,1440.9960781049708,0.3057745999999986,4.596345567080676,3.75,4.668355868008583,0.4302765237697733,2594.079977503091,4590.179731968169,248.0,280.7164631193413,450.0,621.5572807353107,47.48007005616956,4712.608823966992,497.1287182432717,284.1112997993735,0.5715045004910432,1532.7489791111002,19.679440940999996,0.012839311073893429,6742.486521321363,131.4751282692352,198.08970376600405,3098.272760675534,6157.424695272999,29.803196819412904,0.565268270869372,28.259381064885076
2.5,2.0,2.0,6,-13924.558852944461,2166.5190493546756,3380.0,0.8982195057135265,383.0,0.10178049428647355,216.0,0.05740100983258039,221.0,19.0,0.005049162901939941,24.0,143.0,0.03800159447249535,235.0,5.0,0.0013287270794578793,3157.5551018271553,11834.98668241095,60.0,1007.9829312936452,1067.9829312936452,129.0647959094648,129.0647959094648,48.990967199625814,48.990967199625814,56.834934093650865,58.01899522060192,38.25911755455401,108.7129704513046,44.70386762335754,24.46342176213759,2.0209148034295517,7.04923788855881,1441.3588114822694,0.3057745999999999,4.561008738885272,2.5,4.449928880390188,0.4264375181900205,2509.3417427759146,4498.658302988171,182.0,189.1915359053883,450.0,642.3899311756198,41.93378717396408,4713.795100973953,442.5792865932772,282.99146564682223,0.6394141664991353,1532.7489791111002,28.492967204999996,0.018589454368140673,6689.12336667833,117.31287847060658,294.7345348364639,4393.906663358087,6358.689540973465,13.567268453104376,0.6361709147740969,27.87280663319652
0.5,5.0,0.5,4,-9978.74465329749,1773.7092376719563,3328.0,0.8844007440871645,435.0,0.1155992559128355,156.0,0.041456284879085835,216.0,95.0,0.025245814509699708,152.0,136.0,0.03614137656125432,304.0,48.0,0.012755779962795642,3157.5551018271553,7904.547511912147,75.5,1007.8579604418112,1083.3579604418112,20.276678301494442,21.552832879910177,31.929118293844144,33.807301722893804,27.116153949177964,33.3737279374498,38.32098983757508,19.52022203985532,29.534975050548134,20.1199461826127,2.010802253878882,5.320499727992922,1420.7195165858477,0.3057745999999989,4.940480198244172,0.527972027972028,3.6232707707083986,0.4268988932048821,2504.077477027659,4610.730399078717,146.0,183.13796368327002,447.0394736842105,581.3405808504526,49.09098238292711,4646.296705435484,342.77872758080895,179.97159208836223,0.5250372254968317,1532.7489791111002,157.8903711,0.10301123879499609,6521.824412127393,137.3769049795261,258.88028056213557,4143.121252991646,6321.92746340875,16.843090632520788,0.5028002549465918,26.704411681168402
0.75,1.25,1.25,4,-10206.819487490746,2211.2973098593657,3260.0,0.8663300558065373,503.0,0.13366994419346268,318.0,0.08450704225352113,325.0,53.0,0.014084507042253521,65.0,125.0,0.03321817698644698,331.0,7.0,0.0018602179112410311,3157.5551018271553,8011.709977370868,48.75,913.6955917072771,962.4455917072771,47.827770797340854,51.81341836378592,21.84004426358028,21.84004426358028,26.17133201920704,27.002167956324726,17.484668557723218,43.411179051157156,21.372428287592665,10.225755132149448,2.0282545571356834,4.5834617253963215,1387.2810444843406,0.30577459999999973,2.8113710514070065,0.8125,2.5461523590139605,0.4255463326639081,2349.7266361916177,4681.828002962751,335.0,293.26688794408784,450.0,488.86889574071955,44.94877902504949,4536.9401005980935,694.1310733471075,405.956473365822,0.584841233815244,1532.7489791111002,71.61300775000001,0.046721941248025575,6763.820153056301,124.1128593303552,198.1174469467463,3031.4269290459893,6103.121691671532,31.5228771372543,0.5835497709362921,27.89135419193937
3.5,4.25,2.75,6,-13867.133569418746,1679.1908816985604,3485.0,0.9261227743821419,278.0,0.07387722561785809,117.0,0.031092213659314378,121.0,12.0,0.0031889449906989105,16.0,145.0,0.0385330853042785,186.0,4.0,0.0010629816635663034,3157.5551018271553,11784.094628255463,56.0,1018.5161606638742,1074.5161606638742,193.8471938641972,193.8471938641972,88.97172287265776,88.97172287265776,101.2199530614507,104.26416217608079,66.71911084526415,160.51809358233024,76.75015651119297,39.04531717104169,2.0235244936361765,7.667885387713528,1484.750805613255,0.30577459999999956,8.417488931106398,3.5,8.079068877171986,0.4260404033323543,2559.266966277129,4352.564427716545,94.0,180.0,450.0,800.1485811785683,41.34101002755936,4855.703533299551,275.72009264086546,161.35674368561746,0.5852193873146196,1532.7489791111002,19.322152616,0.012606208113219984,6664.172605051517,115.68927185064454,326.8285147876037,4558.024782717918,6371.609673235406,8.325779586302454,0.5948354155214085,27.648163538239146
4.75,0.5,0.0,2,-6794.754107375046,2232.110614848454,3057.0,0.8123837363805474,706.0,0.18761626361945258,591.0,0.15705554079192133,599.0,3.0,0.0007972362476747276,11.0,104.0,0.02763752325272389,693.0,8.0,0.002125963327132607,3157.5551018271553,4107.240279075446,52.25,417.7912735275552,470.0412735275552,282.30046380246864,282.30046380246864,6.159347254670936,6.159347254670936,11.138941159631223,11.286966955772503,4.4154213351521285,290.3332179110694,8.028983918732632,5.4298418807014155,2.0259710782048868,3.071456643790759,1287.0164663398841,0.30577460000000034,0.6974812579758851,4.75,0.7807994576869687,0.42100636779191497,1757.0577398674393,4841.806182945313,1079.0,559.7637284786733,450.0,262.8529690140251,50.59919653519984,4209.0365463314565,679.4763248375284,835.5825470551101,1.2297449028189595,1532.7489791111002,10.695659023000001,0.006978089151429625,6421.261850280085,126.50618892217297,197.95595762469824,2277.4152385856974,4851.84275278207,58.43115914985969,0.6042631000865445,29.365460646327236
0.0,0.0,0.0,5,-13399.277858234578,2737.9911624862234,2598.0,0.6904065904863141,1165.0,0.3095934095136859,942.0,0.2503321817698645,1040.0,60.0,0.01594472495349455,162.0,65.0,0.01727345203295243,1033.0,98.0,0.026043050757374436,3157.5551018271553,10241.722756407424,0.0,0.0,0.0,19.491080875476268,19.984525960931364,9.847810342699447,9.847810342699447,11.147485738963875,12.181161689304162,6.430097943258982,22.5516858750821,7.732764024322406,6.352615167796009,2.06006015652892,4.2605630208547005,1041.9935953866031,0.30577459999999923,0.0,0.0,0.0,0.4010752869078534,1041.9935953866031,4272.612978442052,1412.0,485.2372610551087,461.1111111111111,150.5231235501827,43.19177406314965,3407.717957562877,1612.2057587128656,1592.778655439358,0.9879499851873638,1532.7489791111002,140.014148801,0.0913483882287102,6552.672695386843,100.48384258919697,197.9557026991729,2278.663043962466,4862.659459847307,56.25394866518262,0.69210603162542,29.116215433284317
0.0,0.0,0.0,7,-17427.500140231645,2976.660691101131,2525.0,0.6710071751262291,1238.0,0.3289928248737709,1044.0,0.2774382141908052,1119.0,52.0,0.013818761626361946,131.0,67.0,0.017804942864735582,999.0,75.0,0.01993090619186819,3157.5551018271553,14269.94503840449,0.0,0.0,0.0,24.103474059749278,24.862638597064215,12.752408434677829,12.752408434677829,13.942000112185315,14.882579112068015,8.417707722937424,25.367888385940848,9.577128780183761,7.0205146700015115,2.06006015652892,4.888011685341478,1014.48257023694,0.3057745999999998,0.0,0.0,0.0,0.40177527534136237,1014.48257023694,4231.2942050650045,1439.0,468.20219015740474,467.17557251908397,150.98533472450225,41.89843038604938,3317.746373429777,2032.6066832934084,1695.2293317954359,0.8340173953618395,1532.7489791111002,124.47055323599996,0.08120739594828189,6883.102035834286,96.78938115540517,197.85240516252466,2278.5847342164125,4996.910108019653,51.73870832108888,0.7159604112783171,28.64667637610668
1.0,0.0,0.0,3,-9299.42085087384,2658.802591190556,2689.0,0.7145894233324475,1074.0,0.2854105766675525,970.0,0.2577730534148286,992.0,10.0,0.0026574541589157587,32.0,72.0,0.019133669944193462,1061.0,22.0,0.005846399149614669,3157.5551018271553,6173.865749046684,32.0,0.0,32.0,97.6735969320986,97.6735969320986,6.223654988958351,6.223654988958351,9.081465674681484,9.280859132608622,3.8824453658709035,102.1276857447376,5.737533328918616,5.814227219154958,2.0391826348759237,3.584138940172419,1083.6436094185622,0.30577459999999973,0.0,1.0,0.031936127744510975,0.4029913013828792,1115.6436094185622,4303.056363797593,1588.0,529.9156376280238,464.0625,160.39957142515672,47.273318133914245,3543.929448092036,1061.8549149071605,1590.2002906000387,1.4975683290396336,1532.7489791111002,30.60438586300001,0.019966991516607413,6138.533342110297,106.20553191810465,198.11901409605764,2286.456300269716,4863.510124072739,59.92896856068645,0.6955396250775339,29.856298869677723
4.25,5.0,0.0,2,-6098.424264095505,1588.3554786924255,3440.0,0.914164230667021,323.0,0.08583576933297901,181.0,0.04809992027637523,193.0,7.0,0.0018602179112410311,17.0,125.0,0.03321817698644698,223.0,10.0,0.0026574541589157587,3157.5551018271553,4023.2003661508784,72.25,1010.0812038825281,1082.3312038825281,181.48853540159737,181.48853540159737,15.612016384810104,15.775492996169373,29.04011554331193,30.800122545936897,14.915232313434739,139.77757480914866,27.214270869086317,7.459404328120129,2.0129226271717644,3.1488990234758725,1473.5536870192857,0.30577459999999906,5.288383266400671,4.25,5.46631921152792,0.42835862994746676,2555.884890901814,4432.117731736506,202.0,296.2524333726379,450.0,621.8528729368924,38.5203307402575,4819.0846689662585,403.93562672419137,202.01624077650567,0.5001198889407273,1532.7489791111002,22.072962032999996,0.014400898212178848,6755.76927480155,106.93811586093909,197.78995237194704,2784.028371635542,6003.462253177688,36.39703789189527,0.4870096703701585,28.05970148930287
2.25,0.0,0.0,2,-7234.0571524421875,2625.4789319020665,2707.0,0.7193728408184958,1056.0,0.2806271591815041,948.0,0.25192665426521393,960.0,7.0,0.0018602179112410311,19.0,89.0,0.023651342014350252,1026.0,12.0,0.0031889449906989105,3157.5551018271553,4119.252050615032,42.75,0.0,42.75,163.93711062248187,163.93711062248187,4.290887552723992,4.290887552723992,7.3892310035160245,7.480927768813017,2.686841287238534,165.26967302869073,4.661216835005278,5.730262827249679,2.03216909244562,3.212840171873422,1103.4000895140407,0.30577459999999995,0.0,2.25,0.044208893485005174,0.4076099333262064,1146.1500895140407,4325.054990472389,1572.0,536.4979313848172,450.0,170.68166015786235,48.64427314499077,3608.5407012683227,718.8591823443683,1533.1207206692484,2.132713552700798,1532.7489791111002,18.846803800999997,0.012296079826410962,5860.148862723791,113.33222590323055,198.04571402800607,2282.599420926,4854.894659046709,61.42077959227565,0.6726801782533152,29.54380833666574
2.0,0.0,0.0,6,-15394.377670606296,3017.3294849117283,2599.0,0.6906723359022057,1164.0,0.30932766409779433,1079.0,0.28673930374701034,1086.0,6.0,0.0015944724953494552,13.0,72.0,0.019133669944193462,1012.0,7.0,0.0018602179112410311,3157.5551018271553,12262.82256877914,26.0,0.0,26.0,240.88885398670425,240.88885398670425,11.291733488746907,11.291733488746907,14.007622994182253,14.097415449273164,7.17217146813476,268.98756260530087,8.942835355124496,6.645364082664092,2.0430971701858605,4.557153282625744,1054.640529096653,0.30577459999999945,0.0,2.0,0.023809523809523808,0.40578704466973947,1080.640529096653,4260.115359007097,1651.0,502.75759353798384,484.61538461538464,149.91642343420062,42.143172365391955,3449.0782723504662,1845.3198976365247,1709.7782203425606,0.9265484117590858,1532.7489791111002,11.642007056000002,0.00759550794987425,6827.147149098091,94.17144878193298,197.77449306684403,2274.112849228468,4891.220564939405,53.71436213526621,0.7263099746875811,29.118079535442245
2.0,0.0,0.0,4,-11327.908896841465,2799.8572612275966,2681.0,0.7124634600053149,1082.0,0.2875365399946851,979.0,0.2601647621578528,990.0,9.0,0.0023917087430241827,20.0,83.0,0.022056869519000797,1034.0,11.0,0.0029231995748073346,3157.5551018271553,8210.353795014309,40.0,0.0,40.0,155.87775509135776,155.87775509135776,8.293286661630615,8.293286661630615,11.215751383011352,11.339248144986453,5.205279187938045,157.4079233859077,7.092716876431565,6.10243633153691,2.0339632544626745,3.9358008547820287,1088.451293345564,0.3057745999999999,0.0,2.0,0.04004004004004004,0.4059870545861857,1128.451293345564,4309.104750111822,1601.0,529.85738388174,450.0,165.015522457546,47.39612506141738,3559.652415032394,1345.4222787354367,1577.312858461038,1.1723552399797894,1532.7489791111002,19.805579254,0.012921606553922492,6437.823672878931,109.01433089077796,197.973493501717,2280.119412503814,4856.342271215767,58.45640301677675,0.6969639081344702,29.089280430840308
2.5,2.0,0.5,2,-6449.015049915036,1910.3854530752578,3368.0,0.8950305607228275,395.0,0.10496943927717246,232.0,0.061652936486845604,242.0,18.0,0.0047834174860483655,29.0,135.0,0.03587563114536274,323.0,10.0,0.0026574541589157587,3157.5551018271553,4055.1467021891885,72.5,691.1867541013079,763.6867541013079,106.38121040783294,110.18053935096984,13.900660942511903,13.900660942511903,23.797103505221536,24.803904038134753,11.799502264446465,82.60405047535002,20.000612297675602,6.6131459430937305,2.0127595215338503,3.1590725631703513,1440.192829808003,0.305774599999999,2.8561436119888755,2.5892857142857144,2.937256746543492,0.42761069768646165,2203.879583909311,4550.020655827986,341.0,469.1857459791173,465.51724137931035,478.5770769709259,42.93899885044696,4709.981894532795,508.6777120957002,285.0933770506539,0.5604597376128361,1532.7489791111002,37.34750395500001,0.0243663538283087,6751.408585739596,116.06822452221176,197.84185681557747,2326.834473701849,5446.162017640359,45.08485666592174,0.5322831011031139,28.44572164754441
2.0,0.0,0.0,7,-17411.681334653065,3146.717069656062,2571.0,0.6832314642572416,1192.0,0.31676853574275843,1113.0,0.29577464788732394,1117.0,9.0,0.0023917087430241827,13.0,66.0,0.017539197448844007,975.0,4.0,0.0010629816635663034,3157.5551018271553,14280.12623282591,26.0,0.0,26.0,240.88885398670425,240.88885398670425,12.784356519987387,12.784356519987387,15.408567552790323,15.463304915322437,8.075922814414914,260.10275459191365,9.78033631267137,6.912009489716341,2.0430971701858605,4.8382760773691915,1035.191880078142,0.30577459999999995,0.0,2.0,0.023090586145648313,0.40264172698488604,1061.191880078142,4245.661386301862,1636.0,489.36853015310055,450.0,152.05582042374468,41.18178469809752,3385.4737446411254,2065.987648609543,1768.2346105805966,0.8558785972271706,1532.7489791111002,12.039684496,0.007854961680015128,6984.210372361769,94.77639977026585,197.95595762469824,2276.7794766066568,5016.589504400955,51.97781391717277,0.7359750988586773,28.885750365871786
2.0,0.0,0.0,5,-13370.243240286447,2877.6291039480834,2627.0,0.6981132075471698,1136.0,0.3018867924528302,1048.0,0.2785011958543715,1058.0,8.0,0.002125963327132607,18.0,70.0,0.01860217911241031,1011.0,10.0,0.0026574541589157587,3157.5551018271553,10248.688138459293,36.0,0.0,36.0,173.4197278792864,173.4197278792864,9.686850792494605,9.686850792494605,12.425876617366587,12.54244206405858,6.139327861910511,164.9588733169368,7.91947741121758,6.268145642861007,2.0365729446692993,4.220682104069671,1066.159305227427,0.3057745999999997,0.0,2.0,0.03377110694183865,0.4058467092605356,1102.159305227427,4280.511872838663,1610.0,507.8620245513398,450.0,147.76634215356685,41.497714421460024,3486.749079967493,1635.043076915715,1669.3501909295296,1.0209823915333964,1532.7489791111002,18.923232434,0.012345943590172414,6654.541135994308,94.38576538642023,197.92935903814245,2278.642438160245,4858.093243392321,57.00575998355117,0.7183267377494422,29.08109224393758
5.0,1.75,3.0,2,-6129.86806762708,1719.6801875738934,3431.0,0.9117725219239968,332.0,0.08822747807600319,192.0,0.05102311985118257,194.0,0.0,0.0,2.0,138.0,0.03667286739303747,225.0,2.0,0.0005314908317831517,3157.5551018271553,4040.678663186469,10.0,1058.3656973865448,1068.3656973865448,1573.7775509135777,1573.7775509135777,15.372747246391363,15.372747246391363,31.27483707973,31.597258080551956,10.955968741626018,1426.0981094986487,22.337860353232756,6.465838059345917,2.0535359310123584,3.0741711530359805,1459.6995458636595,0.3057745999999993,5.455493285497654,5.0,5.507039677250231,0.42544434446623713,2528.0652432502043,4483.742554256931,216.0,329.3330780289239,450.0,648.722308567027,40.545144285439186,4773.776323683075,461.2415186441608,272.2089699351687,0.590165800197993,1532.7489791111002,2.207109792,0.0014399682022818814,6767.766821438336,112.30500575862625,198.361840474518,2732.0232150656825,6005.87508068542,39.978275347570026,0.5712060910616586,28.726622930012766
5.0,2.5,3.0,2,-6085.745943387852,1552.1280699540362,3434.0,0.9125697581716715,329.0,0.08743024182832847,162.0,0.04305075737443529,165.0,4.0,0.0010629816635663034,8.0,160.0,0.04251926654265214,218.0,3.0,0.0007972362476747276,3157.5551018271553,4023.820783937018,40.0,1055.6299423763214,1095.6299423763214,389.6943877283944,445.36501454673646,17.989035403398162,17.989035403398162,35.17772221611475,36.01033102596362,13.235962874991722,387.34039604743487,26.19771994098669,7.311359029486498,2.0339632544626745,3.139055576841473,1469.9414092142931,0.3057745999999994,6.39775722652316,5.714285714285714,6.483017410510778,0.42805515702221697,2565.5713515906145,4430.294348714042,159.0,276.7850732281967,450.0,680.0178202784103,41.17885689463707,4807.271137675582,405.96978340005865,224.25197695052864,0.5523858822013408,1532.7489791111002,8.048618562999998,0.0052511002601793935,6745.989900186742,114.81650556240147,198.27216632694163,2627.8118470716317,5964.407693612519,35.088637033417065,0.5388919081808883,28.621242458110352
3.5,0.75,3.0,2,-6346.588832547037,1824.961242277249,3388.0,0.900345469040659,375.0,0.09965453095934095,202.0,0.05368057401009833,204.0,8.0,0.002125963327132607,10.0,163.0,0.043316502790326866,278.0,2.0,0.0005314908317831517,3157.5551018271553,4040.86271960161,35.0,816.8289888817286,851.8289888817286,312.2555101827155,312.2555101827155,15.804086915293537,15.804086915293537,29.65695716143475,29.93673977616527,11.805093171826952,360.13092106147957,22.523530824983137,6.980770289332988,2.0372253672209553,3.181895140229902,1454.5299388993226,0.30577459999999956,4.004063670988866,3.5,4.01806126831004,0.4293181637837434,2306.358927781051,4523.792444261385,257.0,396.1261551325931,450.0,570.4002708056584,44.047576467770284,4756.869729857629,461.8449823003612,273.10531850897127,0.5913354674737097,1532.7489791111002,8.670610933999999,0.005656902109977864,6751.46369126909,121.27006364949291,198.2185919783049,2451.257930242726,5715.950783683101,40.13454090368813,0.5571762819093833,28.719476940530498
5.0,4.75,0.5,2,-6123.190959360949,1552.7333999640205,3441.0,0.9144299760829125,322.0,0.08557002391708743,163.0,0.043316502790326866,176.0,2.0,0.0005314908317831517,14.0,145.0,0.0385330853042785,219.0,12.0,0.0031889449906989105,3157.5551018271553,4018.31239176521,70.0,982.6765342314167,1052.6765342314166,220.5396501305111,220.5396501305111,17.247931008714737,17.34649061447882,32.22732083874184,34.59429920542909,16.11674138259654,165.3777479553234,29.577393766262333,7.825629443661212,2.0143905779129905,3.1880686159981813,1477.5655387266434,0.30577459999999956,5.615294481322381,5.0,5.947325052154896,0.4294000403157929,2530.24207295806,4447.90545210981,179.0,300.36948035591746,450.0,668.8486758846382,40.68829444964882,4832.204959884325,387.90948119740955,188.35295457503506,0.48555903813854207,1532.7489791111002,18.669713065999996,0.012180541837207601,6752.863420192834,113.10756688081332,197.616285321821,2669.9487133225884,5965.180491849718,34.83155202554513,0.4775290994036387,27.969242658666403
2.25,0.0,0.0,7,-17411.45656668003,3126.0770620553203,2520.0,0.6696784480467712,1243.0,0.3303215519532288,1154.0,0.30667020993887856,1160.0,6.0,0.0015944724953494552,12.0,77.0,0.02046239702365134,1055.0,6.0,0.0015944724953494552,3157.5551018271553,14280.901464852874,27.0,0.0,27.0,260.8795918189296,260.8795918189296,12.311121952459374,12.311121952459374,14.856191609795248,14.932638564905686,7.855514280376484,272.2878251351146,9.517352304079273,6.903891002687521,2.0424447476342045,4.834798859679798,1020.5317921658641,0.30577459999999973,0.0,2.25,0.023156089193825044,0.4049729333991524,1047.531792165864,4268.408906822392,1730.0,489.58502209705335,450.0,147.7704894207735,43.30496287192112,3337.5296449275547,2068.529392960239,1817.946089223893,0.8788592008461914,1532.7489791111002,11.497227613000002,0.007501050576244835,6938.808016998893,97.82452152561221,197.8621828417598,2275.7959218320284,4977.185259373334,52.466693831824514,0.7421248166721812,28.77525069528264
5.0,0.0,0.0,5,-13350.12528471836,2950.7269284685563,2623.0,0.6970502258836035,1140.0,0.3029497741163965,1063.0,0.28248737709274513,1068.0,5.0,0.0013287270794578793,10.0,67.0,0.017804942864735582,1025.0,5.0,0.0013287270794578793,3157.5551018271553,10242.570182891204,50.0,0.0,50.0,310.7555101827155,310.7555101827155,9.590421519561053,9.590421519561053,12.384160746491986,12.441868858078621,6.059822025593111,295.87213542113807,7.849571341422953,6.342210743340553,2.0274390289461133,4.241187069798003,1062.7806194690106,0.30577460000000006,0.0,5.0,0.046598322460391424,0.405177514094171,1112.7806194690106,4285.2308858244305,1671.0,507.4160550138114,450.0,152.92155864485002,43.54016600304758,3475.699484093873,1614.9842062006699,1690.2427397426252,1.0466001668951332,1532.7489791111002,10.503034013,0.006852416250892636,6623.432669405643,100.29090672239812,197.96852716688196,2280.798339242229,4860.0989691507875,56.077958551877074,0.7170681615244703,29.264797641021083
0.0,5.0,3.0,2,-6210.314886618753,1401.5671550891493,3300.0,0.8769598724422004,463.0,0.12304012755779963,99.0,0.02630879617326601,107.0,253.0,0.0672335902205687,301.0,103.0,0.027371777836832315,398.0,8.0,0.002125963327132607,3157.5551018271553,3973.363379118322,0.0,920.6035943267242,920.6035943267242,10.49021628514005,12.097912267536994,28.530465278426146,28.530465278426146,15.221360016222434,17.250874685052093,25.456483363975217,10.65985166878844,14.923950553144243,12.691505565191537,2.06006015652892,3.5021534147899236,1396.0403289734131,0.3057745999999994,8.603771909595553,0.0,2.5572322064631225,0.4230425239313373,2316.6439233001374,4456.3834176179225,93.0,247.4742783365966,450.0,457.41248446807504,50.56949133841496,4565.586314145831,240.53566924039922,119.92071886534475,0.49855690527749574,1532.7489791111002,296.21004118400003,0.19325411089543415,6338.870962497331,141.24413210566186,209.18157551688952,3886.182789690325,6309.460465683747,21.61248312171773,0.5079807633908215,27.999677488968654
5.0,0.0,0.0,6,-15387.507386449619,3079.1975698350693,2604.0,0.6920010629816635,1159.0,0.3079989370183364,1080.0,0.2870050491629019,1084.0,3.0,0.0007972362476747276,7.0,72.0,0.019133669944193462,1004.0,4.0,0.0010629816635663034,3157.5551018271553,12264.952284622463,35.0,0.0,35.0,446.0793002610222,446.0793002610222,11.3145316278805,11.3145316278805,14.104039767598184,14.155940557911332,7.13402403539883,575.4342004456528,8.922126148486626,6.621462641415291,2.0372253672209553,4.545723204415463,1051.991696109216,0.30577459999999984,0.0,5.0,0.03219871205151794,0.4039906667086083,1086.991696109216,4262.5273253944815,1647.0,502.1420441598791,450.0,165.30896227733368,46.102832812900836,3440.4155744434515,1852.3025725326627,1719.2193667646911,0.9281525557749422,1532.7489791111002,5.426432943,0.0035403272270629702,6825.467126087215,106.53738232684199,197.83932619773654,2274.8869211961132,4896.785813026906,53.996816107301896,0.7442004770213565,29.09890017797194
2.0,0.0,0.0,3,-9290.619784321698,2679.6034734067102,2677.0,0.7114004783417486,1086.0,0.28859952165825137,984.0,0.26149348923731064,997.0,7.0,0.0018602179112410311,20.0,82.0,0.02179112410310922,1095.0,13.0,0.0034546904065904864,3157.5551018271553,6173.0646824945425,40.0,0.0,40.0,155.87775509135776,155.87775509135776,6.191639601298438,6.191639601298438,9.135319355281906,9.253605362870218,3.8613947715627224,159.55034503601166,5.741324320338557,5.8278878199341495,2.0339632544626745,3.5843752412125465,1082.1071215644422,0.3057745999999997,0.0,2.0,0.0398406374501992,0.4042238033486896,1122.1071215644422,4292.556755243669,1628.0,524.6029627283625,472.5,169.79161586484264,51.64494982555631,3538.9045446039117,1059.2284671952202,1598.6618949080614,1.5092701380479623,1532.7489791111002,19.539632466,0.012748096871890779,6130.881990910232,118.9932591794255,198.08422243876325,2282.8852833918995,4855.523540340277,59.69905109597185,0.7164070675215495,29.781507776218458
5.0,0.0,0.0,7,-17414.191956398594,3217.5611732134735,2582.0,0.6861546638320489,1181.0,0.31384533616795113,1098.0,0.2917884666489503,1100.0,2.0,0.0005314908317831517,4.0,79.0,0.020993887855434493,984.0,2.0,0.0005314908317831517,3157.5551018271553,14276.63685457144,20.0,0.0,20.0,784.3887754567888,784.3887754567888,12.978760776883126,12.978760776883126,15.773724598187131,15.802352047548633,8.261490623269928,775.1622720233763,10.05355820806147,6.948800104683079,2.0470117054957973,4.854406144990851,1050.2857377562752,0.30577460000000006,0.0,5.0,0.018148820326678767,0.40677216799236066,1070.2857377562752,4259.0945835187495,1601.0,496.5448816488169,450.0,149.80981867441358,40.94801710433971,3434.836437546726,2054.5470641686516,1728.0945419654417,0.84110730394229,1532.7489791111002,4.047610694,0.0026407524970901396,7022.132480826478,93.97030470076429,197.79818967976215,2271.27194400033,4981.222917445728,52.180966157545015,0.7372738145074522,28.635857333620145
1.25,0.0,0.0,2,-7241.796351343251,2607.1320429869943,2687.0,0.7140579325006644,1076.0,0.28594206749933565,969.0,0.257507307998937,987.0,10.0,0.0026574541589157587,29.0,79.0,0.020993887855434493,1023.0,18.0,0.0047834174860483655,3157.5551018271553,4120.491249516096,36.25,0.0,36.25,107.63121040783294,111.47518220811268,4.17476317073566,4.17476317073566,7.127752314314224,7.263587112681296,2.6204476205058977,109.75954184043874,4.523647148466008,5.699771913219016,2.036409839031385,3.210484154140073,1088.89073863692,0.3057746000000002,0.0,1.2946428571428572,0.03635907723169508,0.40524404117488655,1125.14073863692,4323.966217934308,1546.0,521.537105490412,450.0,171.04071276630225,48.604069211090895,3561.0895693655375,722.9221295609701,1572.4379366608377,2.175113850250756,1532.7489791111002,28.437665186,0.01855337408379296,5816.760678037608,114.74715745673605,198.13494534364318,2289.661152237255,4868.352466971444,61.14979553262755,0.6874409087910119,29.808884015101558
0.0,4.75,0.0,2,-6329.591742715067,1667.432923549004,3247.0,0.8628753653999468,516.0,0.13712463460005314,141.0,0.037470103640712196,276.0,197.0,0.05235184693064045,329.0,81.0,0.021525378687217645,433.0,97.0,0.02577730534148286,3157.5551018271553,4016.9334819140327,0.0,844.8968410261207,844.8968410261207,9.597431920447281,10.739983339548147,11.492886380028665,13.327885045747529,10.46213511192573,14.550785615436936,17.833152300485132,9.797373527082067,12.655161817694115,8.273688251086899,2.06006015652892,3.303307787864408,1370.0023933727546,0.3057745999999992,3.549986727000507,0.0,1.9422915885657948,0.42192867057984434,2214.8992343988753,4523.21247113865,238.0,334.24928062511464,486.93009118541033,378.9678606531008,45.58141212855351,4480.432296772715,383.3884652919099,177.87301916339376,0.4639498453036719,1532.7489791111002,322.28587519899975,0.2102665730600621,6396.569741175725,125.36287459783772,194.8639501073535,2994.074613535624,6010.8420767979815,36.93642221680084,0.4164925198768914,27.343583343170316
1.75,0.0,0.0,8,-19429.661061079667,3226.714115912611,2509.0,0.6667552484719639,1254.0,0.3332447515280361,1170.0,0.31092213659314377,1177.0,6.0,0.0015944724953494552,13.0,71.0,0.018867924528301886,1012.0,7.0,0.0018602179112410311,3157.5551018271553,16294.85595925251,22.75,0.0,22.75,241.13885398670425,241.13885398670425,13.84439758645073,13.84439758645073,16.327446269814846,16.42405837792026,8.706841292342277,222.0795590346907,10.304145367401103,7.152462321713988,2.045217543478743,5.098356936576367,1004.1569545108475,0.30577459999999973,0.0,1.75,0.019230769230769232,0.40022198266673875,1026.9069545108475,4227.388158074162,1688.0,471.24037184039196,450.0,147.01752656150583,41.328260244512194,3283.9776571070597,2278.2162598442987,1871.5002849063,0.8214761337162104,1532.7489791111002,14.115685007000002,0.00920939123064119,7094.942896062459,92.87201716626691,197.9282731946496,2281.494964740524,5067.234180948498,50.32003853357983,0.7480449705869308,28.76312671107919
5.0,5.0,0.0,2,-6082.383042923948,1549.0894398364283,3417.0,0.9080520861015148,346.0,0.09194791389848525,198.0,0.05261759234653202,208.0,5.0,0.0013287270794578793,15.0,134.0,0.035609885729471165,229.0,9.0,0.0023917087430241827,3157.5551018271553,4026.71747528267,75.0,1026.8895341858772,1101.8895341858772,205.50367345514368,220.18250727336823,14.422249716811503,14.491922420757453,27.27526028217017,28.690486051528055,14.606380926235989,158.20183342611722,27.049300535003912,7.2203736698000025,2.0111284651547097,3.1220268675547556,1470.771364138044,0.3057745999999993,4.960819005728875,5.357142857142857,5.197592142386213,0.430427674608734,2572.660898323921,4493.912897093363,195.0,307.44077206782634,450.0,663.7678909645705,42.22301306413518,4809.985408003305,415.46713207432725,205.37790683717552,0.4943300949265785,1532.7489791111002,19.484951817999995,0.012712421983996405,6758.201519188732,117.4684256873398,197.00403754277923,2676.5744300100723,5837.765566983185,37.550670090161645,0.475977332485038,28.168558671556795
5.0,1.5,3.0,2,-6215.718171803918,1705.1778147717744,3429.0,0.9112410310922137,334.0,0.08875896890778634,183.0,0.048631411108158384,185.0,6.0,0.0015944724953494552,8.0,143.0,0.03800159447249535,264.0,2.0,0.0005314908317831517,3157.5551018271553,4023.9940328510543,40.0,925.8309628742908,965.8309628742908,389.6943877283944,389.6943877283944,16.746827405279802,16.746827405279802,32.205793636289734,32.543027077507425,12.531975671461208,355.6042348857058,24.281328521482443,7.62084847645859,2.0339632544626745,3.205156760870286,1461.417506989721,0.3057745999999993,5.004491691212382,5.0,5.056706611907281,0.4261934986846664,2427.248469864012,4505.613295710905,208.0,355.09538832696484,450.0,610.1374378460932,44.74341210871351,4779.394714242859,406.53781262640723,247.22064191619378,0.6081122942022127,1532.7489791111002,8.766923439,0.005719738560246358,6718.681505980367,123.14202576392968,198.04956728708294,2722.7049152532177,5725.09164503722,35.32728769919723,0.5622009151827959,28.73309574770768
2.0,0.0,0.0,2,-7240.272874300423,2633.4507869128265,2735.0,0.72681371246346,1028.0,0.27318628753654,937.0,0.24900345469040658,948.0,8.0,0.002125963327132607,19.0,72.0,0.019133669944193462,1015.0,11.0,0.0029231995748073346,3157.5551018271553,4120.717772473267,38.0,0.0,38.0,164.18711062248187,164.18711062248187,4.346748705140578,4.346748705140578,7.487355609410985,7.573507190690819,2.711358189904411,175.74259946785477,4.708970246441978,5.694235251293903,2.035268099565987,3.208752247564132,1108.1190294870269,0.30577459999999956,0.0,2.0,0.0397489539748954,0.40516235081792573,1146.1190294870269,4299.848039572796,1540.0,539.3052094781268,450.0,173.0765448612087,48.797970287257456,3623.9734415056987,723.6648277812047,1519.7983755213631,2.1001412769792154,1532.7489791111002,17.750705357,0.011580960482710166,5880.387248398004,113.33711621244284,198.12341002610378,2287.4452823068427,4864.915259212924,61.00722379080469,0.6993612106508074,29.91364037643496
5.0,0.0,0.0,2,-7204.656583161987,2665.874085155183,2702.0,0.718044113739038,1061.0,0.281955886260962,973.0,0.25857028966250334,981.0,6.0,0.0015944724953494552,15.0,74.0,0.019665160775976614,1057.0,8.0,0.002125963327132607,3157.5551018271553,4122.101481334832,75.0,0.0,75.0,205.50367345514368,220.18250727336823,4.201938309209819,4.201938309209819,7.2335909469497865,7.29955074281863,2.6272720358207717,205.45403348696192,4.548480456334172,5.660659912086562,2.0111284651547097,3.1865608737146616,1096.3136689224716,0.30577459999999984,0.0,5.357142857142857,0.07598784194528875,0.40574155030439363,1171.3136689224716,4326.602674356397,1652.0,529.9433311266396,450.0,169.6238596756617,49.80344991032623,3585.3653930786672,728.2015781469893,1568.9663746780864,2.154577004173131,1532.7489791111002,15.003624166000002,0.009788702762471372,5846.315950336757,115.17758192006383,197.8050745969542,2277.4599224547705,4845.2755858694,61.30883843463811,0.6677672750010115,29.89139884318072
5.0,5.0,1.75,2,-5994.351838368511,1466.2561335718572,3456.0,0.9184161573212862,307.0,0.0815838426787138,137.0,0.03640712197714589,141.0,7.0,0.0018602179112410311,11.0,159.0,0.04225352112676056,224.0,4.0,0.0010629816635663034,3157.5551018271553,4000.075648592681,55.0,1108.278912051324,1163.278912051324,282.05046380246864,282.05046380246864,20.509196713059268,20.509196713059268,39.43652525242442,40.50237728627373,16.782934943273766,225.41104160236713,32.21561348874373,8.813312899274276,2.0241769161878325,3.221270252761202,1479.458381293468,0.3057745999999998,7.8601341280235735,5.0,7.859992648995432,0.4280840223650081,2642.737293344792,4420.012607638286,130.0,254.1103700458553,450.0,745.4573413169608,46.38401234861089,4838.395279704295,328.11688063174057,172.30578241026467,0.5251353788275548,1532.7489791111002,13.763989020999999,0.008979936838047847,6699.261139447136,129.5150261199289,201.13719512643624,3224.5373452791537,6130.610949253239,29.06829053245881,0.5195460945470145,28.11760534256784
5.0,0.0,2.5,2,-6476.207745597525,1928.6745657798701,3335.0,0.8862609619984055,428.0,0.11373903800159448,287.0,0.07626893436088228,290.0,5.0,0.0013287270794578793,8.0,133.0,0.03534414031357959,345.0,3.0,0.0007972362476747276,3157.5551018271553,4083.65264377037,40.0,725.0,765.0,389.6943877283944,389.6943877283944,11.581560840587484,11.581560840587484,21.732240757038674,21.953246595245847,7.285702090871837,419.0095331553718,13.825271009332274,5.577861746606859,2.0339632544626745,3.033510579810259,1403.2429952583507,0.3057745999999993,2.5,5.0,2.593220338983051,0.4207625173188458,2168.2429952583507,4594.216653800519,440.0,496.8399205207447,450.0,458.93437826174727,43.981211250084115,4589.141790254501,602.1398156405571,460.99231095083934,0.7655901486275827,1532.7489791111002,7.440296354000001,0.004854217132354519,6724.030585006158,118.80558061637758,198.4033924374497,2309.256577797408,5135.656835706402,51.02484720205474,0.6056985405310833,29.182498956702556
4.75,2.0,2.75,2,-6202.472715822432,1710.0470914472485,3429.0,0.9112410310922137,334.0,0.08875896890778634,172.0,0.04570821153335105,175.0,3.0,0.0007972362476747276,6.0,156.0,0.041456284879085835,242.0,3.0,0.0007972362476747276,3157.5551018271553,4029.4615128227274,28.5,956.043898827451,984.543898827451,521.5091836378592,521.5091836378592,17.562386365687296,17.562386365687296,34.267805059792444,34.84535233608108,12.946323116558041,651.1997428848039,25.60867550636134,7.240703061705575,2.0414661138067203,3.1690331387507973,1466.62031093914,0.3057745999999996,5.46310799329972,4.75,5.5311454990306235,0.4277107935080606,2451.164209766591,4464.556435283913,196.0,336.3246056857443,450.0,645.541623213212,43.39474244933258,4796.409874918132,424.46397646795936,237.39694941372568,0.5592864473191533,1532.7489791111002,4.805061942999999,0.0031349307737178456,6753.622830497192,120.28832594077079,198.47019152078892,2670.1158448371493,5885.303050020547,37.16416023695988,0.542246590149029,28.318748923662316
5.0,3.75,2.0,2,-6040.170912412924,1552.2494255534295,3441.0,0.9144299760829125,322.0,0.08557002391708743,165.0,0.04384799362211002,167.0,2.0,0.0005314908317831517,4.0,153.0,0.04065904863141111,208.0,2.0,0.0005314908317831517,3157.5551018271553,4015.255221500055,20.0,1112.6394109142868,1132.6394109142868,784.3887754567888,784.3887754567888,17.380932997519572,17.380932997519572,35.32263691469546,35.74065628646701,13.979268371370479,738.5413251367962,28.506769948930415,7.681194922940966,2.0470117054957973,3.1613422064142513,1474.844068640267,0.30577459999999895,6.66251144260052,5.0,6.702008348605247,0.4286091452020538,2607.483479554554,4410.163800370362,180.0,294.38893577728857,450.0,748.4253985973169,43.24235636340053,4823.304710856533,377.88597213132806,207.63717624380982,0.549470452879497,1532.7489791111002,4.248313526999999,0.0027716955515206137,6733.939662098962,120.55471793210388,198.27940358762763,2936.0665529278263,5998.250485288004,33.82955886890542,0.5388267799363938,27.96423500823295
3.0,2.0,3.0,2,-6169.901997973604,1704.2281293669278,3428.0,0.9109752856763221,335.0,0.08902471432367792,171.0,0.045442466117459474,172.0,14.0,0.0037204358224820623,15.0,149.0,0.039596066967844804,228.0,1.0,0.00026574541589157585,3157.5551018271553,4022.1684639351715,45.0,964.8215677887231,1009.8215677887231,207.50367345514368,207.50367345514368,17.775272652014237,17.775272652014237,32.99412833140965,33.17151611813765,13.623885818186238,171.14262282664112,25.432649234652377,7.632827435887953,2.030701141704394,3.1913814647111978,1467.0432507607213,0.30577459999999934,5.609427719701879,3.0,5.429148213917866,0.4279589412954263,2476.8648185494444,4470.784871289793,166.0,268.1477473796659,450.0,667.1465185048243,42.252612838638875,4797.793050046422,400.5523407710549,224.41078389436151,0.5602533328412848,1532.7489791111002,18.186907799000004,0.011865548792958446,6731.094369928577,117.72277924606281,198.3620024042522,2957.4745126091843,6071.37170160731,35.41381530336501,0.5496018603043196,28.17755494292212
5.0,2.0,2.75,2,-6196.333729250505,1703.6191979808425,3443.0,0.9149614669146957,320.0,0.08503853308530428,173.0,0.045973956949242625,176.0,3.0,0.0007972362476747276,6.0,141.0,0.037470103640712196,233.0,3.0,0.0007972362476747276,3157.5551018271553,4023.132201007173,30.0,954.3535735838244,984.3535735838244,521.2591836378592,521.2591836378592,17.436242201269025,17.436242201269025,34.045789721156616,34.6163895488855,13.04881603871324,508.8781311274237,25.67654016742208,7.6014029937594945,2.040487479979236,3.199823474821253,1468.336383471205,0.3057745999999994,5.42246348627173,5.0,5.499181975328628,0.42647005038373653,2452.6899570550295,4443.7704124835245,213.0,378.0881947490059,450.0,657.4979273914579,42.55472696728047,4802.02208905255,403.7121344497478,235.17678679191226,0.5825358385931448,1532.7489791111002,6.145980561,0.004009776320036624,6738.483202613398,117.5496417217327,198.28965852029373,2799.7229323929746,5928.5653993148035,35.41469655233798,0.5523904072658951,28.398991096895827
5.0,5.0,0.0,8,-17722.124687521205,1929.2270405820598,3390.0,0.9008769598724422,373.0,0.0991230401275578,200.0,0.053149083178315175,208.0,6.0,0.0015944724953494552,14.0,159.0,0.04225352112676056,238.0,8.0,0.002125963327132607,3157.5551018271553,15710.282917667544,70.0,1075.713331973492,1145.713331973492,220.5396501305111,220.5396501305111,70.3585076235291,70.3585076235291,79.82939048432975,82.81366676411778,68.02262810504365,175.91658341236445,76.16067202206231,40.47357304321919,2.0143905779129905,9.355340950687014,1465.1771670894093,0.30577459999999906,5.171698711411019,5.0,5.35380061669856,0.43220565400867533,2610.890499062901,4470.75818841832,171.0,180.8653846153846,450.0,680.3115918505547,44.97615523900889,4791.690242058738,361.5833366148996,215.14266639469858,0.5950016071228247,1532.7489791111002,17.551245266,0.01145082822118638,6686.022557784738,125.86191403581618,313.903972153973,4402.344970112147,6354.680614698617,8.682567689065495,0.5806986549159069,27.315703372150058
5.0,4.0,2.0,2,-6126.168142900795,1592.5378199741517,3463.0,0.9202763752325273,300.0,0.07972362476747276,140.0,0.03720435822482062,147.0,4.0,0.0010629816635663034,11.0,149.0,0.039596066967844804,208.0,7.0,0.0018602179112410311,3157.5551018271553,3994.6963660582437,55.0,971.0833249846033,1026.0833249846032,282.05046380246864,282.05046380246864,20.568796197779868,20.568796197779868,38.77321609430883,40.5706499529854,17.862575724442166,213.80893172329183,33.3339384131144,9.738514960122675,2.0241769161878325,3.323606878034709,1483.179229016223,0.3057745999999992,6.606009013500703,5.0,6.795253807845055,0.42829316460185474,2509.262554000826,4401.120129046949,135.0,252.3305849352702,450.0,734.8300674207774,42.456848339867136,4850.5638761892815,310.47988871555344,169.27083124615083,0.5451909685565126,1532.7489791111002,14.510876963,0.009467223374968687,6693.792744015935,118.56637015627949,198.6042728668882,3388.0473202438825,6191.931693882885,28.064221275739666,0.5400815069149502,28.129566389633986
5.0,2.0,3.0,2,-6194.074745317941,1749.8755309806188,3450.0,0.9168216848259367,313.0,0.08317831517406325,165.0,0.04384799362211002,167.0,3.0,0.0007972362476747276,5.0,143.0,0.03800159447249535,214.0,2.0,0.0005314908317831517,3157.5551018271553,4020.596461576311,25.0,959.0768180855247,984.0768180855247,626.511020365431,626.511020365431,18.332452955034647,18.332452955034647,36.01206247277873,36.435733795987886,13.366839458438545,354.5260420162315,26.039276306448315,7.742876358555702,2.0437495927375164,3.2124490811833266,1471.8718186337674,0.3057746,5.742974958595956,5.0,5.788687165208969,0.4266295126474688,2455.948636719292,4434.051170408082,184.0,329.93728938458014,450.0,673.6856835836101,40.046871190803486,4813.584315485221,395.3982346764296,229.03840904276257,0.579260069863979,1532.7489791111002,8.835895619999999,0.005764737566567667,6741.731529272751,111.2128009165167,198.39227498890423,3105.4797400826337,5952.674462306949,34.167748214493734,0.5745376459845266,28.807524914591028
5.0,5.0,1.5,2,-6034.655782044159,1527.5507182098477,3454.0,0.9178846664895031,309.0,0.08211533351049695,141.0,0.037470103640712196,145.0,5.0,0.0013287270794578793,9.0,159.0,0.04225352112676056,214.0,4.0,0.0010629816635663034,3157.5551018271553,3999.809848686919,45.0,1077.709168469915,1122.709168469915,345.8394557585728,345.8394557585728,20.1524184842552,20.1524184842552,39.18607650678025,40.23103854696106,16.984826408062172,257.02567743408895,32.770018940531514,8.929386420189928,2.030701141704394,3.244448387517971,1483.2265129862142,0.30577459999999973,7.432477023930449,5.0,7.484727789799434,0.4294228468402473,2605.9356814561293,4418.653207086221,139.0,245.97651662139407,450.0,746.0312826826502,44.34741513724643,4850.718512872604,327.245405530882,172.04183369398308,0.5257272700739187,1532.7489791111002,12.109899419,0.007900771479243127,6710.712897514586,123.81164314609286,211.7906952809502,3520.015101494886,6216.702181689211,29.1404175846665,0.5196956889862253,28.221189957412417
5.0,4.25,2.0,2,-6081.3453968024,1475.7419948281322,3469.0,0.9218708477278766,294.0,0.0781291522721233,140.0,0.03720435822482062,142.0,4.0,0.0010629816635663034,6.0,148.0,0.03933032155195323,220.0,2.0,0.0005314908317831517,3157.5551018271553,4002.981955664753,30.0,1049.1916606895093,1079.1916606895093,521.2591836378592,521.2591836378592,20.801340105459463,20.801340105459463,41.09017160001621,41.653050663030136,16.405835816784524,475.4239723227872,32.58616262985881,8.748193158229123,2.040487479979236,3.2513700352870605,1483.101729228013,0.3057745999999995,7.38867366682753,5.0,7.391723703352803,0.4275300459002632,2562.2933899175223,4421.221079178352,145.0,288.941778388619,450.0,701.5476987000043,42.872359365000264,4850.310422213014,337.64575627787957,180.0450966328258,0.5332366638266001,1532.7489791111002,6.578454777,0.004291932251564831,6720.705157601994,119.17282098897587,198.52412879911262,2965.266121085349,6021.306921868204,29.625534900643054,0.5231818136897367,28.26609450756449
5.0,3.0,0.0,2,-6333.1895833014405,1790.2658066770493,3384.0,0.8992824873770927,379.0,0.10071751262290725,252.0,0.06696784480467712,255.0,7.0,0.0018602179112410311,10.0,117.0,0.031092213659314378,279.0,3.0,0.0007972362476747276,3157.5551018271553,4050.538301129484,50.0,824.903819655199,874.903819655199,310.7555101827155,310.7555101827155,12.649546986173668,12.649546986173668,23.89882861623185,24.172479325578017,11.730947552731296,261.291886364864,22.07755674921696,6.535336917369862,2.0274390289461133,3.125468039881491,1454.1460304679765,0.3057746000000003,3.2349169398243096,5.0,3.3393275559358737,0.4297121839444375,2329.0498501231755,4559.283567954567,287.0,381.613987534802,450.0,537.0881149152493,41.624328905931826,4755.6142023175735,493.5682004245372,274.96793988506636,0.5571022194066712,1532.7489791111002,11.89304094,0.007759288117025679,6781.931381853211,114.48729189369207,197.31437048836878,2350.6226077579504,5480.261853490454,44.00692621751309,0.5156609584097726,28.684722087470647
0.0,0.75,0.0,4,-10793.371206721045,2431.8100455236654,2935.0,0.7799627956417752,828.0,0.22003720435822482,463.0,0.12304012755779963,678.0,120.0,0.0318894499069891,324.0,71.0,0.018867924528301886,756.0,174.0,0.0462397023651342,3157.5551018271553,8117.5925025856095,0.0,481.7763976917186,481.7763976917186,9.745540437738134,10.739983339548147,11.262265641436418,11.987152440963722,10.77182755161781,14.258086138336916,11.886971022467879,8.874286490025009,10.813072708720563,7.333056961459153,2.06006015652892,4.193170468458112,1226.1504041915198,0.3057745999999997,0.7563208754972035,0.0,0.6364285306363522,0.41776845117257916,1707.9268018832383,4736.823725145747,875.0,465.21342589875775,625.0,208.94039160682252,43.87748223743273,4009.981222088169,1041.2868937233093,642.3685302556246,0.6168986992227665,1532.7489791111002,355.8094620200003,0.23213811711448526,6584.0170949225785,109.27408478793069,196.59853044925634,2255.8908738712394,5174.101597997931,49.20038499533096,0.5579397585041405,27.669979459574208
0.0,3.0,1.5,2,-6202.247472069917,1619.877945084429,3242.0,0.8615466383204889,521.0,0.13845336167951103,171.0,0.045442466117459474,206.0,212.0,0.056338028169014086,275.0,107.0,0.02843475950039862,416.0,31.0,0.008238107892638851,3157.5551018271553,4030.2165849578596,0.0,985.5242147150979,985.5242147150979,11.482018552098747,12.994053916984178,14.780060049722143,15.072734506152285,12.894485388918747,14.981274087125405,13.50147845716784,12.266352049547574,12.843111418287672,7.131435471330809,2.06006015652892,3.1649148063531096,1377.147261333093,0.3057746,4.8788327461143455,0.0,2.3804932722586907,0.4247832391527122,2362.671476048191,4544.131161317661,215.0,334.6126423560766,451.6363636363636,413.47293260086343,47.77909443387755,4503.798750233319,426.93962281265465,225.5080715716993,0.5281966337208633,1532.7489791111002,257.4159855410001,0.16794399412373806,6463.4873521570735,131.87268473478738,197.71406489907307,2661.8858886475823,5888.794008151923,38.34159486833097,0.5006072127959167,28.096206666240153
5.0,5.0,1.0,2,-6138.444912740433,1556.105334049875,3452.0,0.9173531756577199,311.0,0.0826468243422801,138.0,0.03667286739303747,143.0,7.0,0.0018602179112410311,12.0,161.0,0.042785011958543714,217.0,5.0,0.0013287270794578793,3157.5551018271553,3995.5578583098604,60.0,954.6680473965824,1014.6680473965824,258.1295918189296,258.1295918189296,21.264963712680263,21.264963712680263,39.602870404776986,40.92296608493622,18.73234889969431,226.4174619632362,34.87468745197704,9.705862068623246,2.0209148034295517,3.325171852767752,1481.8961077133836,0.3057745999999995,6.676000331444633,5.0,6.76445364931055,0.42928624209541816,2496.564155109966,4412.965659248307,134.0,257.52226251922815,450.0,774.4383842163294,46.68142482637319,4846.367578318755,313.3044534749525,162.33360947931638,0.5181337439631842,1532.7489791111002,13.680725307,0.0089256137132996,6692.421010904807,130.25079407366988,197.70400289218796,3236.2802773335948,6152.296872693783,27.668205685932968,0.5088076418422904,28.7064673641931
5.0,4.0,1.75,2,-6150.1435638321755,1675.3210295926872,3450.0,0.9168216848259367,313.0,0.08317831517406325,145.0,0.0385330853042785,147.0,5.0,0.0013287270794578793,7.0,161.0,0.042785011958543714,223.0,2.0,0.0005314908317831517,3157.5551018271553,4002.525189470471,35.0,974.9367274654516,1009.9367274654516,446.0793002610222,446.0793002610222,20.595839877585167,20.595839877585167,39.9359971677414,40.46147081468536,16.874150495702256,353.81728314383486,32.670603518695295,9.0067083580225,2.0372253672209553,3.2907876136636025,1476.441229630003,0.3057745999999992,6.6322226358193985,5.0,6.644320575430602,0.4279539796028994,2486.3779570954543,4414.577035112,134.0,221.39699603161966,450.0,795.5535590107975,49.2801232387244,4828.52803872528,336.14816219826537,179.4216818663629,0.5337577355563147,1532.7489791111002,8.825332312999999,0.0057578458268608,6697.425180034646,137.64816356802461,206.6809561321496,3576.4287590834488,6255.734120340862,29.86522577392127,0.5435479038888743,28.243057233842787
0.0,0.75,3.0,2,-6450.658964349573,1779.3771657863927,3266.0,0.8679245283018868,497.0,0.1320754716981132,175.0,0.04650544778102578,185.0,210.0,0.055806537337230934,242.0,102.0,0.02710603242094074,390.0,10.0,0.0026574541589157587,3157.5551018271553,4024.146529152286,0.0,731.042666629869,731.042666629869,13.047748354657667,14.352523190123433,17.80056141904009,17.80056141904009,15.106929658898297,16.330782188226767,14.029711911173466,13.152110096042728,13.585960961529462,8.090412876845559,2.06006015652892,3.325447431725033,1384.314277373253,0.3057745999999998,3.9515819817830757,0.0,1.8507409281768836,0.42385617800773207,2115.356944003122,4471.245972002712,201.0,372.88464812735447,450.0,407.11021009728205,44.10360609387222,4527.237636393781,407.0378004992984,234.72355550649198,0.5766627945084343,1532.7489791111002,240.07973464100002,0.15663343307540903,6467.024416004179,121.8128940912586,198.2316606603828,2543.6686800649554,5825.85399368745,36.68010460840392,0.5508398374657709,27.677501683324685
5.0,4.0,1.25,2,-5982.762009979667,1576.1839785790512,3414.0,0.90725484985384,349.0,0.09274515014615999,196.0,0.05208610151474887,197.0,4.0,0.0010629816635663034,5.0,148.0,0.03933032155195323,229.0,1.0,0.00026574541589157585,3157.5551018271553,4030.175683489827,25.0,1179.9687753373155,1204.9687753373155,626.511020365431,626.511020365431,14.468055371332545,14.468055371332545,29.617633712770626,29.76498512427695,12.210130002463947,428.68710182574927,24.85185739046928,6.6779991752795524,2.0437495927375164,3.0531235613995156,1468.6742465807552,0.30577459999999884,5.989689214910231,5.0,5.99486952904137,0.43019163637397634,2673.6430219180706,4481.267791470167,186.0,267.89649446323835,450.0,636.1914370057765,40.468844187311895,4803.127030763055,426.8055196387767,233.4296938343288,0.5469228561802342,1532.7489791111002,7.30732296,0.004767462291338662,6762.681529512932,112.77549054609565,198.1320960688956,2756.477156006124,5979.8828345989605,38.2406261357246,0.5380627628986725,28.16175674088329
5.0,1.0,1.75,2,-6406.29623876013,1856.091334671626,3373.0,0.8963592878022855,390.0,0.10364071219771459,242.0,0.06431039064576136,244.0,5.0,0.0013287270794578793,7.0,141.0,0.037470103640712196,300.0,2.0,0.0005314908317831517,3157.5551018271553,4061.122310491441,35.0,777.3811735584665,812.3811735584665,446.0793002610222,446.0793002610222,13.457955479233503,13.457955479233503,25.523092584701715,25.72809734441819,9.371910892310055,431.7610509916561,17.914031856140003,6.21602957225318,2.0372253672209553,3.108315210257129,1434.30331283423,0.30577459999999873,3.185988416223223,5.0,3.2625749942107087,0.4252307479496679,2246.6844863926963,4557.685573818926,342.0,445.92032899133363,450.0,499.80241350192114,41.650201125160095,4690.7209193773315,528.2698704637417,350.3811735584668,0.6632617023016754,1532.7489791111002,7.232137069,0.004718409320483901,6751.739768952173,113.26265980288453,198.12751418424614,2293.844863612732,5263.218232346317,45.779543171447045,0.6002107523504528,28.6985993256503
5.0,5.0,3.0,2,-6167.600985854084,1440.2174175781001,3495.0,0.9287802285410577,268.0,0.07121977145894233,95.0,0.025245814509699708,97.0,7.0,0.0018602179112410311,9.0,164.0,0.04358224820621844,192.0,2.0,0.0005314908317831517,3157.5551018271553,3969.8238701730543,45.0,914.777986146126,959.777986146126,345.8394557585728,345.8394557585728,31.49531839203019,31.49531839203019,58.18491496088758,59.30385563321234,24.48824703563084,354.4811710079231,46.1867374492914,13.34484886499171,2.030701141704394,3.5009774945969077,1497.4490663648894,0.3057745999999991,9.430700888104392,5.0,9.228634482174288,0.4284546684878081,2457.2270525110152,4338.691807316779,84.0,188.3366756497293,450.0,832.7866439313531,44.415287676338835,4897.231707162379,228.93072187886682,124.75559722922516,0.5449491278642653,1532.7489791111002,8.780593600999998,0.0057286572822199495,6658.911408152347,124.29237425227714,238.41497886427155,3938.684066224361,6307.6880806099025,20.573117011418585,0.5403921950639224,27.720854420533197
5.0,0.0,0.5,6,-14932.567122283592,2925.4921214060755,2833.0,0.7528567632208344,930.0,0.24714323677916555,824.0,0.21897422269465852,826.0,3.0,0.0007972362476747276,5.0,101.0,0.026840287005049163,772.0,2.0,0.0005314908317831517,3157.5551018271553,12213.012020456435,25.0,413.0,438.0,626.511020365431,626.511020365431,14.285728838324982,14.285728838324982,17.969394852326825,18.01274683025765,8.922089792520966,877.2159939917891,11.2602379177281,7.015437305030635,2.0437495927375164,4.645008505702475,1158.543765648049,0.3057745999999997,0.5,5.0,0.5283474065138721,0.408945910924126,1596.543765648049,4768.448602122109,1320.0,477.3599683475355,450.0,204.34813983767367,43.82132332074558,3788.88163257527,1682.0066244473276,1322.5614508327317,0.7862997871766991,1532.7489791111002,3.5710191369999995,0.002329813417374429,7003.637236133698,106.1392830057137,198.06411440246814,2296.46386711265,5192.127246648383,49.05727711194022,0.7100686389023879,28.8917804781111
5.0,2.75,1.0,2,-6239.398350767097,1757.3768862649822,3391.0,0.9011427052883337,372.0,0.09885729471166622,218.0,0.05793250066436354,220.0,5.0,0.0013287270794578793,7.0,147.0,0.03906457613606165,265.0,2.0,0.0005314908317831517,3157.5551018271553,4040.32166603058,35.0,923.4784170906374,958.4784170906374,446.0793002610222,446.0793002610222,14.167469313363377,14.167469313363377,27.486336346991617,27.730659336742654,12.18419602698415,451.46589457298404,23.748616495099117,6.774700000493935,2.0372253672209553,3.1309392232795408,1462.641468263544,0.30577460000000006,4.1976291685938065,5.0,4.259904075958389,0.4313304241414167,2421.1198853541814,4511.1856645058815,239.0,333.50181203329834,450.0,554.5483907136532,40.820923205310585,4783.397536170577,460.07103616583726,255.81033348750452,0.556023555882564,1532.7489791111002,6.916480601,0.004512467922184579,6776.217551447515,112.35597288294802,197.56023630328423,2418.7279602941503,5726.686477631607,41.03132736984278,0.5390455970697393,28.34979870542214
