Transit Fare ($),Micro distance based fare ($/mile),Micro start fare ($),Fleet size,Peak fare factor,Micro to fixed factor,Micro Avg. Wait Time (s),Micro Utilization Rate (%),car_users,car_mode_share (%),trsit_mode_users (W_M_F),transit_mode_share (%),pure_M_users,M_mode_share (%),M_trips,pure_F_users,F_mode_share (%),F_trips,pure_walk_users,W_mode_share (%),walk_users,M_pls_F_users,M_pls_F_mode_share (%),F_oper_cost ($),M_oper_cost ($),F_revenue ($),M_revenue ($),Total_T_revenue ($),tot_sub ($),sub_per_F_trip ($),sub_per_F_rider ($),sub_per_M_trip ($),sub_per_M_rider ($),sub_per_T_trip ($),sub_per_T_rider ($),sub_per_M_pax_mile ($/mi),sub_per_F_pax_mile ($/mi),sub_per_T_pax_mile ($/mi),sub_per_M_VMT ($/mi),sub_per_F_VMT ($/mi),sub_per_T_VMT ($/mi),tt_auto_gas_cost ($),auto_gas_cost_per_mile ($/mi),avg_M_fare,avg_F_fare,avg_T_fare,avg_auto_gas_cost,tt_o_pckt_cost ($),tt_mob_lgsm_inc_with_micro,tt_gen_cost,tt_mode_switch,F_avg_wait_time (s),avg_walk_time (s),tt_walk_time (h),car_VMT (mi),M_VMT (mi),M_PMT (mi),M_PMT/M_VMT,F_VMT (mi),F_PMT (mi),F_PMT/F_VMT,tt_VMT (mi),tt_walk_dist (mi),wghted_acc_emp_5_min,wghted_acc_emp_10_min,wghted_acc_emp_15_min,M_veh_occ,M_avg_speed (mph)
2.5197097063064575,0.8375009894371033,2.0758684873580933,6,3.0571709871292114,0.014886128716170788,-209.0720044023261,19.78869018506943,3269.0,0.8687217645495615,494.0,0.13127823545043849,296.0,0.07866064310390646,339.0,10.0,0.0026574541589157587,48.0,151.0,0.040127557799627955,303.0,37.0,0.009832580387988307,3157.5551018271553,11895.956493069043,35.38183511912601,1014.645570106118,1050.0274052252441,14003.484189670953,65.04527638975061,66.42921844059636,32.09826230962515,32.67660937826704,36.1847136684004,40.82648451799112,27.96079392203458,57.11909294565998,31.55189124267104,16.936411646917783,2.036976249378223,6.437704885195041,1399.222926965692,0.3057745999999997,3.0469836940123667,0.7528050025345959,3.0613043884117905,0.42802781491761765,2449.250332190936,2267.17532560813,4637.914954143377,291.0,459.375,533.6708857803363,44.91729955317831,4575.994627956978,642.480305144401,389.16316014860644,0.605719983994124,1532.7489791111002,54.660764128000004,0.035661915207863895,6751.223912212479,125.28160227074791,200.30253892064206,3550.6358640438084,6245.69290221045,0.5928586471698422,27.929011776199815
4.464361969381571,3.147165020927787,0.07766268867999315,4,1.8603151328861713,0.69356628973037,-197.81879096629206,18.8049914698608,3408.0,0.9056603773584906,355.0,0.09433962264150944,203.0,0.0539463194259899,208.0,2.0,0.0005314908317831517,7.0,145.0,0.0385330853042785,222.0,5.0,0.0013287270794578793,3157.5551018271553,7924.731026677267,32.97883480277699,1048.1094553997018,1081.0882902024787,10001.197838301945,446.36803814633976,446.36803814633976,33.06068063114214,33.06068063114214,46.517199247916025,47.624751610961646,30.810769139613463,298.1807177171115,42.800943200650835,16.815139224873434,2.038544020976246,5.150734684320414,1466.665911015601,0.3057745999999996,5.03898776634472,4.711262114682427,5.1480394771546605,0.4303597156735919,2547.7542012180797,1850.8398909048688,4474.383515873388,171.0,450.0,733.9299806664051,45.25901547442832,4796.5590046249845,408.954185827107,223.18889671716377,0.5457552568285021,1532.7489791111002,10.478800544,0.0068366057892121765,6738.2621695631915,126.56273257505173,262.36215896504933,3935.5024218160065,6296.89922909068,0.5381645710310218,27.925524624138447
3.9884066246449947,1.657415758818388,2.8112432146444917,5,1.3799501648172736,0.9738050932064652,-210.11607012061867,18.67283500723748,3359.0,0.8926388519798033,404.0,0.10736114802019665,248.0,0.06590486314111081,250.0,3.0,0.0007972362476747276,5.0,151.0,0.040127557799627955,246.0,2.0,0.0005314908317831517,3157.5551018271553,9905.1122232317,19.942033290863037,995.882230588756,1015.824263879619,12046.843061179236,627.5226137072584,627.5226137072584,35.636919970571775,35.636919970571775,47.24252180854602,47.61598047896931,28.471244098470173,585.5851012831595,37.85002083863933,17.518381795721467,2.0470495242840836,5.901514981817387,1441.4718638918016,0.3057745999999991,3.983528922355024,3.9884066581726074,4.0151156675083755,0.4291372027066989,2457.2961277714207,2112.4313932337877,4508.839577509885,230.0,450.0,642.4251208863446,43.89904992723355,4714.164825632363,508.5646663334427,312.9202911481363,0.615300888683778,1532.7489791111002,5.358082133,0.0034957336171950065,6755.478471076906,122.53458287978422,200.73575816230644,3519.8545646180883,6248.029500655129,0.6183507960575158,27.855259258218695
1.0581650920212269,4.357899399474263,1.0356479538604617,3,3.326832028105855,0.2931112563237548,-203.55658018656194,15.82894066006756,3422.0,0.9093808131809726,341.0,0.09061918681902738,89.0,0.023651342014350252,155.0,50.0,0.013287270794578794,105.0,149.0,0.039596066967844804,255.0,53.0,0.014084507042253521,3157.5551018271553,5925.5522709751085,100.59905588562151,1042.4139631307394,1143.0130190163609,7940.094353785904,29.113867104205085,29.679184912053728,31.50411811512496,34.38829794256598,30.53882443763809,41.354658092634914,42.828271289222684,26.570542638831128,34.66271838994409,19.712937343514447,1.9944270637938246,4.459571326928176,1458.905810062775,0.30577459999999945,7.340943402329151,0.9766898629671992,5.95319280737688,0.42633132965013876,2601.918829079136,1234.356939163411,4488.742581242852,101.0,450.0,677.6221781793431,47.9982376210368,4771.180503752691,247.71236385281364,114.01670347299688,0.4602786138714643,1532.7489791111002,115.05056887599994,0.0750615857155698,6551.641846716605,134.25742336800667,259.2909683376417,3958.2243433357557,6282.126756065528,0.4298610653340152,27.3811008550521
1.7337638512253761,2.1264553675428033,0.47604829352349043,2,3.7903709709644318,0.1684098280966282,-290.86308551969233,36.27788520402586,3387.0,0.9000797236247675,376.0,0.09992027637523253,160.0,0.04251926654265214,241.0,26.0,0.006909380813180973,86.0,132.0,0.03507839489768801,255.0,58.0,0.015413234121711401,3157.5551018271553,4016.529138646276,107.12699085749762,919.041083801894,1026.1680746593916,6147.916165814039,35.47009431360067,36.3146203686864,12.852647530474613,14.208660802038448,18.800966867932843,25.19637772874606,16.61589929538249,31.990861853598577,21.818899234049837,8.107275722643704,1.9901680918024278,3.2107157447588537,1447.24533972969,0.3057746000000001,4.2157847880820825,1.2753213197321145,4.205606863358162,0.42729416584874225,2473.4134143890815,1583.5070327833446,4542.6127649031005,200.0,476.16279069767444,609.4323548049947,43.16812513202046,4733.046301850086,382.0627496599216,186.4171177123807,0.487922776764583,1532.7489791111002,95.35310817600002,0.0622105181445294,6647.858030621108,119.76000928562203,199.56585743959582,3135.845996403062,6051.451392474058,0.4498994196997342,27.47654317461265
3.2821682393550873,4.513869187794626,1.8645614990964532,6,1.1054167235270143,0.5991051588207483,-181.16883116883116,8.79205513223402,3460.0,0.9194791389848526,303.0,0.0805208610151475,137.0,0.03640712197714589,154.0,9.0,0.0023917087430241827,25.0,141.0,0.037470103640712196,193.0,16.0,0.004251926654265214,3157.5551018271553,11785.189051215291,84.00588292685703,962.7296958016798,1046.735578728537,13896.008574313912,122.94196875601193,122.94196875601193,70.27571010008839,70.73502846675564,77.63133281739616,85.77783070564143,63.14778066291948,111.11010208093761,69.81331564077536,38.74735140621713,2.0052528240356535,7.668636217408977,1476.4969797989684,0.3057746,6.292350952952155,3.360235317074281,6.461330732892203,0.4267332311557712,2523.2325585275053,1771.420241097391,4378.467819610095,123.0,450.0,778.2268842147205,41.72160795928919,4828.710363120313,279.308364640302,171.38305165756339,0.6135979918763742,1532.7489791111002,27.662194178000004,0.018047439310018246,6640.767706871715,116.75434252889681,275.1016922910548,4314.496304059867,6348.712777005112,0.6263680370532945,27.512031653927806
4.7649607583880424,0.3688617469742894,1.3872036533430219,3,2.1482144575566053,0.8187285494059324,-515.8088996276583,48.54981677477927,3227.0,0.8575604570821154,536.0,0.14243954291788466,401.0,0.10656391177252192,404.0,6.0,0.0015944724953494552,9.0,126.0,0.03348392240233856,465.0,3.0,0.0007972362476747276,3157.5551018271553,6103.259326945854,42.88464689254761,627.2845069902755,670.1691538828231,8590.645274890187,346.0744949927342,346.0744949927342,13.554393118701926,13.554393118701926,20.800593885932656,20.9527933533907,9.813083603503301,334.9757925285711,15.142340089851757,6.594711990384184,2.032081245776412,3.6353172829500853,1371.5917277791198,0.30577459999999973,1.5526844232432562,4.764960765838623,1.6345589119093247,0.4250361722278028,2041.760881661943,2241.402343399642,4756.801065740057,675.0,450.0,349.01197010386556,45.080712805082634,4485.630028717627,830.3584490027998,558.0279391485708,0.6720325900443619,1532.7489791111002,9.298195644,0.00606635252785644,6848.737456831527,118.16855790862624,198.15818222479717,2298.248949704518,5259.381760612195,0.6113292850003224,28.76776104678016
2.1884713619947433,2.9908326966688037,2.2717648213729262,7,2.583194280974567,0.3900478482246399,-180.0,7.576019886698791,3438.0,0.9136327398352379,325.0,0.08636726016476216,131.0,0.03481264948179644,163.0,22.0,0.005846399149614669,47.0,147.0,0.03906457613606165,228.0,25.0,0.006643635397289397,3157.5551018271553,13734.723306258054,97.08310078225327,1025.0658837318922,1122.1489845141455,15770.129423571067,65.11642555414684,65.11642555414684,77.9733584204059,81.4721629649113,75.09585439795745,88.59623271669139,80.83791928796748,52.23622627888277,73.07311165738702,45.75418128824398,1.9967209521938725,8.710226681567494,1470.5824879793881,0.30577459999999884,6.570935152127514,2.065597888984112,6.304207778169356,0.427743597434377,2592.7314724935336,1715.2664648142652,4437.534398500859,128.0,450.0,679.4923948648163,43.03451834143837,4809.367710658092,277.78133199362406,157.22395547132746,0.5659989976393959,1532.7489791111002,58.58907159,0.03822483158591177,6619.898021762816,120.42840966017242,473.9628729935807,4792.554069572058,6377.6697570576025,0.5565286747613296,27.42784286617318
2.392704587429762,1.2697418872267008,1.2944201733916998,5,2.0780581682920456,0.3544633509591222,-255.09838980267435,22.4539874046696,3314.0,0.8806803082646825,449.0,0.11931969173531756,295.0,0.07839489768801489,311.0,4.0,0.0010629816635663034,17.0,137.0,0.03640712197714589,276.0,13.0,0.0034546904065904864,3157.5551018271553,9934.856744871082,35.80080916658176,932.0784181755402,967.8792273421219,12124.532619356114,183.63260545062198,183.63260545062198,28.9478402787638,29.22979976199851,36.965038473646686,38.86068147229524,24.611835667657825,140.38163894785365,31.246521735235504,14.853920486142336,2.0367029012611044,5.668751057627458,1418.873935554443,0.3057746,3.0262286304400656,2.1059299509753977,3.1021770107119293,0.4281454241262653,2386.753162896565,2286.0187728051437,4589.127936171081,300.0,450.0,557.9902508182773,42.77925256273459,4640.260948929188,606.0876881019055,365.7906077491816,0.6035275339361106,1532.7489791111002,22.237625347999998,0.014508328272315307,6779.097616142194,118.44321287053727,202.55109530666928,3645.649607583551,6264.343034857161,0.6063107004772408,27.75577738219536
4.5913633443415165,3.9600411988794804,2.5540271177887917,2,3.216160320676863,0.9100952474400401,-215.9314426299785,20.894579270468697,3483.0,0.9255912835503588,280.0,0.07440871644964124,99.0,0.02630879617326601,109.0,13.0,0.0034546904065904864,22.0,159.0,0.04225352112676056,213.0,9.0,0.0023917087430241827,3157.5551018271553,3970.5441807944403,112.30737413607636,1062.185944923855,1174.4933190599313,5953.605963561664,138.4203512586854,138.4203512586854,26.682185650188856,26.929242924727642,45.44737376764629,49.20335507075755,24.50246508596683,126.09289822418684,41.678089052045635,12.574378948779803,1.986788292925261,3.374980908838894,1492.5662513935672,0.3057745999999994,9.83505504559125,5.104880642548926,9.706556355867201,0.4285289266131402,2667.0595704534985,1189.949570498877,4401.9422250534835,90.0,450.0,762.6411555063582,45.12293503412619,4881.263032945085,231.29239604734576,118.69655667977156,0.5131883222631939,1532.7489791111002,24.150826656999996,0.015756543952164942,6645.3044081035305,126.21470779156826,278.7626543574301,3920.0604137035843,6273.496571790274,0.5044305971221058,28.048821346840654
3.111508186906576,1.2353218626230955,0.5708098970353603,7,3.485530747100711,0.6258967882022262,-196.68232809658772,15.217492779231478,3315.0,0.880946053680574,448.0,0.119053946319426,293.0,0.07786340685623173,302.0,2.0,0.0005314908317831517,11.0,144.0,0.038267339888386924,266.0,9.0,0.0023917087430241827,3157.5551018271553,13822.899069867222,36.576963156940735,904.3636342474423,940.940597404383,16039.513574289995,283.7252853336559,283.7252853336559,42.776607402714504,42.776607402714504,51.244452314025544,52.761557810164454,36.67288519841757,275.3236307357279,44.113119474779594,22.788747856711186,2.0361965208942365,7.639205286260166,1428.3069436156884,0.30577459999999934,2.994581570355769,3.325178468812794,3.095199333567049,0.43086182311182153,2369.2475410200714,2290.2205584033754,4529.585620904256,274.0,450.0,576.6274681440124,42.606362923974245,4671.110496475808,566.8821962859766,352.26395102878934,0.6214059170259807,1532.7489791111002,11.335671153,0.0073956474983751025,6770.741671872885,119.1043345695459,326.3186289074436,4330.985727448715,6343.6356815514855,0.6190614002462601,27.509132627462638
1.9350597746670246,3.5348760336637497,1.5842773262411356,4,1.5974488062784076,0.07215649727731943,-206.76785775041316,16.41348149797543,3411.0,0.9064576136061653,352.0,0.0935423863938347,152.0,0.04039330321551953,207.0,19.0,0.005049162901939941,63.0,141.0,0.037470103640712196,248.0,40.0,0.010629816635663035,3157.5551018271553,7904.5704126135215,68.92298996058305,1062.2435319965957,1131.1665219571787,9930.958992483498,49.02590653756464,52.34969681129784,33.054719230033456,35.63711916987982,36.78132960179073,47.06615636248103,35.49123392027743,43.44310419030885,37.63362882820004,19.956980626069765,2.0150932435510662,5.294809242316871,1454.25616172411,0.30577459999999873,5.532518395815603,1.1681862705183568,5.36097877704824,0.4263430553280885,2585.4226836812886,1749.9679116588443,4507.238488038571,156.0,457.14285714285717,644.729481371419,44.41469760558664,4755.974373686094,342.8538118476102,192.78920806153363,0.5623073199116816,1532.7489791111002,71.09602707799998,0.046384651398842416,6631.577164644804,124.16191579323907,247.95860353284738,3979.740982618003,6300.036451219944,0.5456641900757813,27.26773311032848
1.3528447821736336,0.14132741373032331,2.9039806444197893,4,1.3095186473801732,0.4469819013029337,-438.04828287204094,43.51723952542697,3185.0,0.8463991496146691,578.0,0.15360085038533086,446.0,0.11852245548764284,449.0,11.0,0.0029231995748073346,14.0,118.0,0.03135795907520595,434.0,3.0,0.0007972362476747276,3157.5551018271553,8098.804721173643,18.93982768058777,766.101383160883,785.0412108414707,10471.318612159328,224.1868052961834,224.1868052961834,16.331187835217726,16.331187835217726,22.616238903151896,22.763736113389843,10.947990512240974,211.88444240317705,15.295772860610008,7.484736216045991,2.0477033858256233,4.167794186668212,1343.1766220255145,0.3057745999999995,1.7062391607146614,1.3528448343276978,1.7066113279162407,0.4217195045606011,2128.217832866985,2379.3148435120615,4790.646952096725,635.0,450.0,299.4729729161796,36.10313062378387,4392.701754905465,979.6876104053875,669.7761867635934,0.6836630163021505,1532.7489791111002,14.812863269000001,0.009664246051294418,6905.138344421953,93.98303945625499,198.3613525218318,2517.0923566891784,5661.018449353105,0.6620931229097787,28.41605705864124
3.6630834341049194,2.7538798796012998,0.7534311600029469,7,3.959522459656,0.7507245130836964,-180.0,7.888736855236213,3418.0,0.9083178315174063,345.0,0.09168216848259368,157.0,0.04172203029497741,174.0,8.0,0.002125963327132607,20.0,168.0,0.044645229869784746,232.0,12.0,0.0031889449906989105,3157.5551018271553,13736.989414176003,82.44591878687771,977.8875975307906,1060.3335163176682,15834.21099968549,153.75545915201388,153.75545915201388,73.32817136002996,75.49764388547463,81.61964432827573,89.45881920726266,78.895339433543,121.50527974821424,84.66120245986029,44.73562778803334,2.0062705798203506,8.709877825550342,1477.671394889742,0.30577459999999973,5.786317145152607,4.122295939343886,5.990584837952928,0.4323204783176542,2538.0049112074103,1585.3016874284856,4459.114421547597,123.0,450.0,715.9062759622313,46.136182228677136,4832.551150061985,285.21119401968554,161.72186986270287,0.5670249739620693,1532.7489791111002,25.308440830000002,0.016511797544746912,6650.511323192771,129.1081501019488,427.04327407053205,4621.859779551768,6368.615205641013,0.558662517506403,27.2631662402262
4.134148381650448,2.3633738001808524,1.9811523109674454,2,2.7526048263534904,0.534816637635231,-298.04387313932193,32.5529028633825,3438.0,0.9136327398352379,325.0,0.08636726016476216,153.0,0.04065904863141111,166.0,12.0,0.0031889449906989105,22.0,150.0,0.03986181238373638,247.0,10.0,0.0026574541589157587,3157.5551018271553,4010.8057366348658,92.10276588620673,971.7753345635622,1063.878100449769,6104.482738012252,139.3387425427704,139.3387425427704,18.307412060670504,18.644358294915975,32.4706528617673,34.88275850292715,15.877430382733252,107.16793783721752,27.746403333263185,8.365128925464779,1.9999702349948534,3.2195849703043735,1469.0523176392674,0.3057745999999997,5.961811868488112,4.186489358463942,6.079303431141537,0.4272985217100836,2532.9304180890363,1486.944563978872,4457.309586659181,173.0,450.0,661.2154541100349,45.36672699032739,4804.36346785923,363.2974971634942,191.40568270897649,0.5268565960498167,1532.7489791111002,28.604192614,0.01866202033328945,6700.409944133824,126.04465136061962,197.79837064475166,2883.314776683841,5943.504185130572,0.5170730738039113,28.016951877470312
2.4819627867309886,0.7309299920655694,1.2083821766633642,2,3.282683244197427,0.36011516566067686,-445.97952484014036,47.26675270213659,3342.0,0.8881211799096466,421.0,0.11187882009035344,267.0,0.07095402604305076,279.0,14.0,0.0037204358224820623,26.0,129.0,0.034281158650013285,349.0,11.0,0.0029231995748073346,3157.5551018271553,4061.832021659687,61.75351828936118,695.456769839113,757.2102881284742,6462.176835358368,119.06929167453055,123.83206334151177,12.065861117636468,12.109263495757462,21.187465033961864,22.130742586843727,10.133134135683397,107.16967981745432,17.895733692103082,6.344507355685093,2.019770768552831,3.1318923492182713,1431.1383167395334,0.3057745999999995,2.501643056975227,2.4701407315744475,2.5931859182481993,0.4282281019567724,2188.3486048680074,1735.0981433504842,4602.882996533096,378.0,467.3076923076923,435.4174154358841,42.211299440867656,4680.370170509701,530.5967923268435,332.2146146241199,0.6261150075318931,1532.7489791111002,28.886916419,0.01884647571956148,6743.715941947645,114.41342331943208,197.73420947826386,2301.1416088921665,5187.620695253111,0.5341671147290576,28.303968249281482
3.9358526683733692,1.9231004396654656,0.0,2,3.9549447844187973,0.2294380583381739,-333.2258487614475,36.45273369252337,3385.0,0.8995482327929843,378.0,0.10045176720701568,186.0,0.04942864735583311,227.0,7.0,0.0018602179112410311,32.0,160.0,0.04251926654265214,278.0,25.0,0.006643635397289397,3157.5551018271553,4022.723664411397,83.35160879047271,914.879527928698,998.2311367191708,6182.047629519382,96.06885915739633,96.06885915739633,13.6909433325229,14.729119130249757,23.8689097664841,28.35801664917148,14.373013747106889,88.35367663620052,24.627511226443296,7.7237952938699515,2.005679687237196,3.1946558149023976,1453.4938167908838,0.3057746,4.335921933311365,2.604737774702272,4.579041911555829,0.42939256035181206,2451.7249535100545,1502.6272339836034,4523.69825991051,255.0,506.25,659.224764345052,50.906801246645685,4753.481213910128,402.3726702013015,216.22773004779665,0.5373817509514771,1532.7489791111002,34.794290516000004,0.022700579801513583,6688.60286322253,140.4131712629195,197.04459181716152,2725.081172616769,5727.496574794175,0.4907472461559682,28.209006388799093
2.7444940103066093,2.5115995659265513e-16,1.8750050013506856,2,1.876885378793931,0.5175412111443862,-463.3510137221611,57.4527119886156,3147.0,0.8363008238107893,616.0,0.16369917618921073,463.0,0.12304012755779963,476.0,12.0,0.0031889449906989105,25.0,128.0,0.03401541323412171,635.0,13.0,0.0034546904065904864,3157.5551018271553,4111.743513023847,68.61234903335571,446.25119161605835,514.8635406494141,6754.435074201589,123.55771011175199,123.55771011175199,7.700614120604599,7.700614120604599,13.481906335731713,13.841055479921287,4.6977969184359205,130.76184400436148,8.402288717968002,5.279855529285871,2.015295912697457,3.0329884991699294,1308.5211077462836,0.30577460000000034,0.9375025033950806,2.7444939613342285,1.0550482390356846,0.41579952581705865,1823.3846483956977,1923.1310327968986,4766.1458793210395,852.0,468.0,293.2044318480809,51.718003950980936,4279.364956233389,694.2410263076965,780.2577218744854,1.1239003347645218,1532.7489791111002,23.622661306999998,0.015411956966821589,6506.354961652186,133.1390114340092,198.1965047880626,2289.3624701887725,4888.564803560813,0.6478738636907363,30.039893913263636
2.1842204497735507,3.1958004987069004,0.0,2,1.9782263375232152,0.42860944173674137,-266.1767886353267,37.34797385979565,3401.0,0.9038001594472496,362.0,0.09619984055275047,176.0,0.04677119319691735,232.0,15.0,0.003986181238373638,56.0,133.0,0.03534414031357959,248.0,38.0,0.010098325803879883,3157.5551018271553,4024.7944363467554,114.51971351092439,1002.473514304274,1116.9932278151985,6065.356310358711,54.33991764850413,57.41576204370247,13.027245353631386,14.122994962815334,21.060264966523302,26.486272097636295,14.47357240750047,47.068077494585005,22.179376097936927,7.3866103987329215,1.9853449128251932,3.123395513901174,1451.8716753159745,0.30577459999999906,4.684455674319037,2.1607493115268754,4.877699684782526,0.42689552346838416,2568.864903131173,1624.328519400893,4528.886583663923,200.0,474.10714285714283,638.8459456789483,44.00938736899421,4748.176190291734,409.1620863828045,208.81651308672485,0.5103515697966209,1532.7489791111002,64.65178843700001,0.04218028478120015,6690.087255785639,122.13125723048267,197.20942653985085,3000.282713018308,6038.907893918195,0.4758089567160546,28.1332983920435
1.9050276777893123,1.5855918410196044,0.7092208383725706,2,1.0708477497830557,0.46493977386617036,-463.61429736356524,49.447403691333925,3319.0,0.8820090353441403,444.0,0.11799096465585969,285.0,0.07573744352909913,304.0,9.0,0.0023917087430241827,27.0,132.0,0.03507839489768801,363.0,18.0,0.0047834174860483655,3157.5551018271553,4071.4323402954237,50.90142034715825,693.2638128945651,744.1652332417234,6484.822208880856,115.06124746222211,115.06124746222211,11.112396471713351,11.149071047527586,19.591607881815275,20.78468656692582,9.441282611996698,94.61557112046306,16.60039237985366,6.010192703907021,2.0268509219831055,3.095643214231685,1417.7239355073611,0.3057746000000002,2.287999382490314,1.8852377906354907,2.385144978338857,0.4271539426054116,2161.8891687490845,1725.6607694834452,4640.994717307452,428.0,466.6666666666667,456.5973314285802,46.040230919048504,4636.500008527067,562.0732468702421,357.8082201573271,0.6365864629738004,1532.7489791111002,32.834486382,0.02142195938766306,6731.322234508409,124.25817011328961,197.79844460528747,2315.043865317557,5100.101120772883,0.5234891500620661,28.76071952426674
2.267643411043367,3.970504579599674,1.6683383692560197e-15,2,1.0,0.9939086467999321,-342.02313666757277,37.17436297067993,3410.0,0.9061918681902738,353.0,0.09380813180972629,201.0,0.05341482859420675,217.0,13.0,0.0034546904065904864,27.0,125.0,0.03321817698644698,260.0,14.0,0.0037204358224820623,3157.5551018271553,4024.461360861849,70.1864428090148,840.8973751707433,911.0838179797581,6270.932644709245,114.34698737104225,114.34698737104225,14.670801777378367,14.807274352051655,25.700543625857563,27.504090546970374,14.87971612168625,89.30299012108247,25.232591356541867,7.801513730141329,2.014268938419795,3.2310754362646894,1464.6952354163825,0.3057745999999993,3.911150582189504,2.5994978818153633,3.995981657805957,0.4295293945502588,2375.7790533961406,1684.2004045009674,4495.236564515912,229.0,466.6666666666667,581.6468363471213,42.00782706951431,4790.114140992699,408.0700356126187,213.9532743538878,0.5243052801774297,1532.7489791111002,34.571839698,0.022555447871216022,6730.933155716418,115.7845594221187,198.8604292647691,2827.1207316303467,5734.293663022324,0.4880502870896264,28.07429678753323
1.6431383968306876,0.0,2.1823393248457585,2,1.0030450168668463,0.886607150211193,-498.53341898611745,56.998720149651895,3173.0,0.8432102046239702,590.0,0.15678979537602977,424.0,0.11267605633802817,442.0,17.0,0.00451767207015679,35.0,131.0,0.03481264948179644,584.0,18.0,0.0047834174860483655,3157.5551018271553,4104.048082490547,57.5098443031311,482.2970139980316,539.8068583011627,6721.79632601654,88.57272164354355,88.57272164354355,8.194006942290759,8.194006942290759,14.091816197099664,14.64443644012318,5.238317469522443,92.11160346388166,9.270788648461668,5.413596944442697,2.0225394371633243,3.0529208985052745,1329.5368572925456,0.30577460000000006,1.0911697149276733,1.6431384086608887,1.176049800220398,0.4190157129822079,1869.3437155937083,1883.986435131301,4793.724004993376,783.0,450.0,319.695876985975,51.86177559994706,4348.094502592908,669.010106526384,691.3958708238996,1.0334610255945853,1532.7489791111002,33.655317473000004,0.02195748810253197,6549.853588230392,134.49742335615738,198.19334380080818,2291.63114399746,4891.310445852778,0.6138265573828185,29.319762697352907
2.978480245638146,0.0,2.0495094056821275,2,1.0,0.03158073902408696,-474.8723843459325,57.390041444325576,3168.0,0.8418814775445124,595.0,0.15811852245548763,445.0,0.11825671007175126,458.0,12.0,0.0031889449906989105,26.0,125.0,0.03321817698644698,628.0,13.0,0.0034546904065904864,3157.5551018271553,4108.2474992099,74.65013369501726,469.33762669563293,543.9877603906502,6721.814840646405,118.57326800508223,123.31619872528552,7.945218062258224,7.945218062258224,13.888047191418192,14.30173370350299,4.949618872318053,126.6194402814696,8.849876321556689,5.329559852232275,2.011356725822145,3.0339566265399274,1318.9411645528432,0.30577459999999995,1.0247546434402466,2.9860053478006905,1.1574207667886176,0.41633243830582173,1862.9289249434935,1936.4274521225636,4778.3589618897295,840.0,484.61538461538464,306.5237167231191,53.471359472810775,4313.442531043597,682.7786859340958,735.18991388726,1.0767616638200435,1532.7489791111002,24.347801264,0.01588505462787535,6528.970196088793,137.2381482709124,198.31147169237417,2297.339266727688,4905.824495321456,0.6457163075580644,29.635923774251474
1.0554212210736231,0.0,3.0,2,2.1078433645480548,0.06483479433122945,-494.3862226547894,56.73717051486623,3230.0,0.8583576933297901,533.0,0.14164230667020994,345.0,0.09168216848259368,366.0,27.0,0.007175126229072549,49.0,140.0,0.03720435822482062,509.0,21.0,0.005580653733723093,3157.5551018271553,4103.331454344354,50.797075232971636,549.0,599.7970752329717,6661.089480938537,63.403225032534365,64.7241255540455,9.711288126623918,9.711288126623918,16.05081802635792,16.949337101624778,6.286133883018104,64.68689190978364,10.858376314337743,5.331546449960896,2.026918999088756,3.0285808649495425,1359.6459371392857,0.3057745999999999,1.5,1.058272400686909,1.5262012092442028,0.4209430145942061,1959.4430123722573,1841.7776934254932,4733.96525436704,613.0,468.3673469387755,335.68866714475365,47.46264766018878,4446.562720184365,666.6605060470631,565.4240778972791,0.8481439544843276,1532.7489791111002,48.02762870300001,0.0313343080684047,6645.9722053425285,124.74068915280941,198.2457184701607,2297.272862987681,4959.822543029718,0.6109212681717545,29.313840947791945
2.7514606195989217,3.7019572999056543,0.0,2,2.751561590985842,0.0,-279.33617592388237,31.031810700639014,3394.0,0.9019399415360085,369.0,0.09806005846399149,120.0,0.0318894499069891,259.0,10.0,0.0026574541589157587,99.0,156.0,0.041456284879085835,268.0,83.0,0.022056869519000797,3157.5551018271553,3996.547208736058,46.774829387664795,1052.197748435456,1098.972577823121,6055.1297327400935,31.42202295393425,33.449250241284844,11.368144634365258,14.504184533500503,16.91377020318462,28.42783912084551,18.130397784453677,28.631413153849632,22.339719378233404,9.301424630998076,2.0295432029865395,3.274286965927879,1452.1287888005163,0.3057745999999994,5.183240140076139,0.5029551547060731,5.159495670531084,0.427851735062026,2551.101366623637,1556.941782856349,4521.353001926476,197.0,568.1818181818181,607.5671338605115,45.229997742949195,4749.017049815515,316.54822536412496,162.39850307229892,0.5130292639786312,1532.7489791111002,108.649204834,0.07088519145320836,6598.31425429074,125.81390588288681,224.30878129575876,3713.815720667259,6237.719082255376,0.4471554002973844,27.085647658262374
4.23585454098037,0.0,3.0,2,1.0,0.4652926753276193,-495.2413729254754,56.409459336565945,3236.0,0.8599521658251396,527.0,0.1400478341748605,380.0,0.10098325803879883,387.0,6.0,0.0015944724953494552,13.0,134.0,0.035609885729471165,506.0,7.0,0.0018602179112410311,3157.5551018271553,4103.836928272108,55.066110134124756,580.5,635.5661101341248,6625.825919965138,238.65299936100234,238.65299936100234,9.104229788816816,9.104229788816816,16.564564799912844,16.85960793884259,5.686403737604862,262.9680090879773,10.493777684036559,5.271948376736012,2.0241337844454366,3.0102793745426952,1359.0199297553893,0.30577460000000034,1.5,4.235854625701904,1.6172165652267805,0.41996907594418703,1994.586039889514,1878.0253741841943,4740.270306769137,691.0,450.0,337.24490454133513,47.40164491608766,4444.515436388071,668.3177976134677,619.6072405080672,0.9271146791551209,1532.7489791111002,11.797971177,0.007697262459663875,6645.582213112639,123.64163904710573,198.43518167341063,2302.3175132451743,4938.115348084325,0.6220551676148177,29.45012546038337
1.0,3.0048112972828225,0.0,2,3.3321649905881365,0.739420723733584,-270.60491947880416,33.67009661582954,3366.0,0.8944990698910443,397.0,0.10550093010895562,141.0,0.037470103640712196,222.0,50.0,0.013287270794578794,114.0,147.0,0.03906457613606165,298.0,59.0,0.015678979537602975,3157.5551018271553,4008.27810350317,127.40755987167358,1016.3647764262074,1143.7723362978809,6022.060869032444,26.580241596100716,27.79951873353653,13.477087058905237,14.959566635384812,17.922800205453704,24.088243476129776,17.761878193668036,24.804431711336374,20.722330786959088,8.42768330100793,1.9769365912171608,3.19005782839259,1437.427298313436,0.30577459999999945,5.081823882131037,1.1688766960703998,4.5750893451915235,0.4270431664626964,2581.199634611317,1422.4057569198337,4591.746730279041,183.0,457.89473684210526,582.5399102826619,48.22135924006479,4700.937547832418,355.0101754202293,168.4457743969641,0.4744815390082075,1532.7489791111002,122.16153859999997,0.07970094272765141,6588.696702363748,134.11069632902166,199.6146176767837,3194.9787973825128,6046.534719280303,0.4342235333259036,27.406901559621538
1.738128265155292,2.6710478256974683,0.0,2,1.5485005096083984,0.417202666207668,-348.73317625540557,44.9776401628171,3353.0,0.8910443794844539,410.0,0.10895562051554611,212.0,0.056338028169014086,288.0,11.0,0.0029231995748073346,65.0,134.0,0.035609885729471165,307.0,53.0,0.014084507042253521,3157.5551018271553,4046.730733872268,103.19229557383775,839.1624653456034,942.3547609194412,6261.931074779983,46.99019701928181,47.72441884770809,11.13738982127314,12.104031201987414,17.73918151495746,22.688156068043416,12.89061435073634,37.985270982886945,19.01941557582398,6.667371559337189,1.9927351757393825,3.109458420242179,1434.2426589108536,0.3057745999999997,3.1666508126249187,1.612379618341215,3.414328843911019,0.427749078112393,2376.5974198302947,1615.2149770469043,4632.60137636214,293.0,526.1538461538462,521.3632432913386,44.460698802900254,4690.522557828071,481.08437335169793,248.8297439713136,0.5172268270484978,1532.7489791111002,80.40913562599997,0.05246073344157913,6704.355910290868,122.49941079234608,196.6550779739438,2318.1354722192864,5452.7444128768775,0.4563021236545391,27.481217218579367
1.000000000000021,7.06406772113599e-14,0.4999999999999631,2,1.0448991093963587,6.286664789075513e-15,-444.3438881918348,60.15349427865024,2917.0,0.7751793781557268,846.0,0.22482062184427318,688.0,0.1828328461334042,729.0,20.0,0.005314908317831517,61.0,97.0,0.02577730534148286,888.0,41.0,0.01089556205155461,3157.5551018271553,4119.555188499863,55.00000000000008,182.25000000008276,237.25000000008285,7039.860290326936,50.86155904634681,50.86155904634681,5.400967336762387,5.400967336762387,8.911215557375868,9.399012403640768,3.4180964850420015,52.71855712617233,5.814456368708205,5.4695955522507775,2.0241769161878325,3.125212582966508,1197.743307134579,0.30577459999999995,0.2500000000001135,0.9016393442622964,0.31675567423242035,0.41060792154082243,1434.9933071346618,2197.0325737526473,4595.485454516966,1271.0,501.6393442622951,199.00170675402373,49.08708766599252,3917.079139780018,719.853077048732,1151.8999553493877,1.60018758282172,1532.7489791111002,58.851290152000004,0.03839590888922342,6169.68119593985,118.11501558358111,197.84158111040847,2278.1759273896223,4851.217967527221,0.6734796277808062,30.142063392182393
1.0,0.0,0.499999999999998,2,1.498655160215811,0.2885098792146231,-440.83910894256,60.25671573821887,2905.0,0.7719904331650279,858.0,0.2280095668349721,695.0,0.18469306404464522,733.0,18.0,0.0047834174860483655,57.0,107.0,0.02843475950039862,890.0,38.0,0.010098325803879883,3157.5551018271553,4115.586037887821,56.57701975107193,183.25,239.82701975107193,7033.314119963904,54.403124246948835,55.37460860850149,5.364714922084339,5.364714922084339,8.902929265777093,9.365265139765517,3.3764813259120317,56.748106871285366,5.768462982538925,5.563266078389877,2.023148032937826,3.1404493658262562,1193.2531423587416,0.30577459999999995,0.25,1.0103039241262846,0.31934356824377086,0.4107583966811503,1433.0801621098135,2186.058293603657,4609.011666048569,1237.0,450.0,210.5457214065263,52.05158112550234,3902.3945820180675,706.8394684846565,1164.6254364595502,1.6476519611395057,1532.7489791111002,54.64460848200001,0.03565137490007692,6141.983029613824,125.84459254774043,197.82617623583255,2276.000138175921,4846.656925466282,0.6687695018954881,29.566761612962676
2.085190644610408,3.3800080885610173,0.0,3,2.551296574151414,0.46828801908235335,-190.1874210820606,21.16452661696189,3411.0,0.9064576136061653,352.0,0.0935423863938347,162.0,0.04305075737443529,210.0,16.0,0.004251926654265214,48.0,142.0,0.03773584905660377,238.0,32.0,0.008503853308530427,3157.5551018271553,5950.578780815245,97.70862575018344,1057.1212999467482,1154.8299256969317,7953.303956945469,63.74680158493692,63.74680158493692,23.302178480326177,25.22400763334277,30.82675952304445,37.87287598545461,27.840883617956198,49.21836953823975,33.42651949775221,14.839159110573142,1.9963128455981711,4.270194835818965,1465.241004300537,0.3057745999999989,5.449078865704887,2.0355963697954884,5.4991901223663415,0.4295634723836227,2620.0709299974687,1621.936347300022,4493.447269351999,156.0,450.0,668.0463684408866,44.16528769136973,4791.899014177575,329.76649447621526,175.76516421024883,0.5329988557188792,1532.7489791111002,62.168789920999984,0.04056032055363302,6654.4144877648905,123.4473933184076,261.57706829754187,3914.156285718954,6273.953737671879,0.5116701698231826,27.33598132901216
1.0000000000000073,3.3754464193869565e-14,0.5000000000000271,2,1.8698568346342124,0.0,-431.6893098739107,60.88023715101925,2908.0,0.7727876694127026,855.0,0.22721233058729737,709.0,0.1884134998671273,750.0,16.0,0.004251926654265214,57.0,89.0,0.023651342014350252,902.0,41.0,0.01089556205155461,3157.5551018271553,4117.839910801927,54.0,187.50000000006207,241.50000000006207,7033.89501262902,54.448335119774654,54.448335119774654,5.2404532144024865,5.2404532144024865,8.716102865711301,9.182630564789843,3.334112208097175,60.25029646958258,5.717044849800339,5.502911144159204,2.0248293387394884,3.1303797378783838,1191.6340566005044,0.3057745999999987,0.25000000000008277,0.9473684210526315,0.31527415143611237,0.40977787365904556,1433.1340566005665,2195.840765579593,4599.581779378861,1261.0,481.57894736842104,202.87772726866848,50.832141665649715,3897.0995517629967,714.2292157440216,1178.8265257709984,1.6504876862856972,1532.7489791111002,51.51103452900001,0.033606960585857465,6144.077746618119,121.43688633989967,197.96419639637134,2282.5906829910455,4860.734375015113,0.6406571810967501,29.435538355351788
1.000000000000044,3.521111176336986,1.4363936775000474e-14,2,1.0000000000002371,5.35070135404021e-14,-425.61233301963074,44.34944735864539,3315.0,0.880946053680574,448.0,0.119053946319426,175.0,0.04650544778102578,329.0,28.0,0.007440871644964125,140.0,134.0,0.035609885729471165,386.0,111.0,0.029497741163964922,3157.5551018271553,4040.245697139832,70.00000000000749,774.9601162814687,844.9601162814762,6352.840682685512,22.05396501305106,22.212626631849986,9.924880184979827,11.417082450553718,13.54550252171751,20.231976696450673,13.592703492549038,20.311481153977674,16.19656832141653,7.101195419698515,2.0143905779129856,3.188263245684244,1413.679921971786,0.3057745999999996,2.7096507562289114,0.5035971223022121,2.6909557843359115,0.4264494485586081,2258.640038253262,1725.344503528485,4661.695373542091,370.0,723.2142857142857,452.3373574898739,48.50061666419203,4623.274536118394,459.82195783551504,240.22340976158705,0.5224270082541783,1532.7489791111002,152.01033732699995,0.09917497215699113,6615.845473065009,131.10200016809492,195.47280512841556,2410.4830232306663,5543.0806997601185,0.4478554529789229,27.390351656845997
3.191703782818146,3.5371446362354537,1.251815552010786,3,2.621226426107653,0.5419416634884822,-191.3635883421482,17.30670710191142,3470.0,0.9221365931437683,293.0,0.07786340685623173,124.0,0.032952431570555406,148.0,10.0,0.0026574541589157587,28.0,141.0,0.037470103640712196,202.0,18.0,0.0047834174860483655,3157.5551018271553,5935.180316636461,92.84820410994871,960.1583846005531,1053.0065887105018,8039.728829753115,109.45381777561452,109.45381777561452,33.615013054296675,35.03536571856273,45.68027744177906,52.89295282732312,34.76352325806845,87.56780739106907,45.13949948349677,17.813759671109835,1.9994838942868176,4.4368661512218,1483.7425769973117,0.30577459999999873,6.761678764792627,3.3160072896410253,6.927674925726985,0.4275915207485048,2536.7491657078135,1506.9323862626816,4376.259979584927,111.0,450.0,762.2013526126882,42.767964785489724,4852.406239750842,279.2797266769207,143.11040613184187,0.5124267623528448,1532.7489791111002,34.998100203999996,0.022833549838210777,6664.434945538863,119.6824823890114,275.5850179099202,4146.198290707682,6324.266518447558,0.502929179758024,27.64462690779684
1.0,0.0,0.4999999983088718,2,1.8060261408556948,0.0,-460.4503984989984,60.23989080870524,2932.0,0.7791655593941005,831.0,0.22083444060589955,679.0,0.18044113739038,723.0,16.0,0.004251926654265214,61.0,92.0,0.02444857826202498,912.0,44.0,0.011692798299229338,3157.5551018271553,4120.914517955161,56.0,180.75,236.75,7041.719619782316,50.845165603723856,51.69258503045259,5.449743454986391,5.449743454986391,8.981785229314179,9.528713964522755,3.454281233649594,55.49963461129615,5.885041607130997,5.439887740742531,2.0235244936361765,3.119865281652656,1201.3849554570274,0.30577459999999995,0.25,0.9333333333333333,0.32036535859269283,0.4097493026797501,1438.1349554570274,2188.8617498106073,4576.885096564024,1298.0,472.1311475409836,203.63408796362944,51.58730228411946,3928.9887239065233,724.3098949349528,1140.6611828742764,1.5748247964729438,1532.7489791111002,55.884243627,0.03646014082450044,6186.047597952576,122.57797011084207,197.95779083913772,2279.9155315375006,4850.750849666459,0.6709366797838207,30.06664414502737
1.0,0.056998579725765004,0.4430014202740822,2,2.4143563477687606,0.058335827473710994,-461.20927976478794,59.43257295223884,2986.0,0.7935158118522455,777.0,0.20648418814775446,603.0,0.16024448578262024,648.0,18.0,0.0047834174860483655,63.0,111.0,0.029497741163964922,821.0,45.0,0.011958543715120914,3157.5551018271553,4113.710849945319,57.70002990961075,247.63420834604133,305.33423825565205,6965.931713516822,49.204048760595946,49.204048760595946,5.9661676567890085,5.9661676567890085,9.797372311556712,10.459356927202435,3.9958878767418065,48.542241529758954,6.754039177861307,5.5175175990806355,2.0224153557846565,3.118924532451551,1233.5903259674828,0.3057745999999994,0.38215155608956997,0.915873490628742,0.45845981720067874,0.4131246905450378,1538.924564223135,2107.5070448672514,4691.110654520447,1160.0,500.0,247.15064542636685,56.36407774862422,4034.3126144797025,700.6913112961286,967.513794393957,1.3807989035917458,1532.7489791111002,63.85891904099999,0.041662998906731766,6267.752904886931,139.7851816372172,198.0886761376469,2283.4998765195655,4868.708746950626,0.6251443796754397,29.655583844501148
1.0,0.49999985302605243,0.0,2,2.3107336325347116,0.32143442143691986,-506.87230892920206,54.255762581467735,3185.0,0.8463991496146691,578.0,0.15360085038533086,354.0,0.09407387722561786,450.0,23.0,0.006112144565506245,103.0,122.0,0.032420940738772254,605.0,79.0,0.020993887855434493,3157.5551018271553,4085.8008734291716,90.50040858983994,398.28834621998374,488.7887548098237,6754.567220446504,29.777230031430246,30.069163659189368,8.194472282687084,8.516195212954244,12.214407270246841,14.812647413259876,7.527812096104264,25.861478223927566,11.101318059067165,6.053207931918261,2.0010156490308137,3.1534925862266374,1348.6495384789068,0.30577459999999973,0.9198345178290618,0.8872589077435288,1.0719051640566308,0.42343784567626586,1837.4382932887304,1860.8366356865788,4763.599270799179,729.0,616.0194174757281,320.92161139535034,53.93265969282971,4410.60028687441,609.1831915710543,489.8518294734696,0.8041125169756657,1532.7489791111002,118.59549043099996,0.07737437248190374,6552.532457556565,139.29260890640757,196.78474855887052,2249.144451938655,4827.56652493723,0.5275930707626879,28.86973710795496
1.0000018408604516,0.4999992133152454,0.0,2,1.9251461201724978,0.6331267822605431,-486.48619226905174,53.7234600263527,3183.0,0.845867658782886,580.0,0.154132341217114,386.0,0.10257773053414829,442.0,19.0,0.005049162901939941,74.0,121.0,0.03215519532288068,571.0,54.0,0.014350252458145097,3157.5551018271553,4084.2598783438825,75.59765672240533,389.8509759263132,465.44863264871856,6776.366347522319,41.64807358249662,42.218595138421236,8.358391181940203,8.396383869130839,13.132492921554883,14.76332537586562,7.025445579476989,40.38933297247096,11.253293743817514,6.115247254936487,2.010738540430864,3.171150093020745,1358.299000730745,0.30577460000000056,0.8860249452870754,1.0355843386630867,1.0140493086028726,0.42673546991226674,1823.7476333794637,1887.7477554082848,4734.1957370145265,721.0,498.64864864864865,307.173542825554,48.7211369314976,4442.157722488208,604.1307486684673,525.8611515275021,0.8704426197251587,1532.7489791111002,76.306222913,0.049783900660141295,6579.037450267775,126.77078813748625,197.6141539087838,2266.3675477278116,4850.002259473275,0.5683218692381066,28.67174719815584
1.0,3.466248010027553,0.0,2,2.4987865650774195,0.7761091257439263,-263.32994183869874,30.53770993283898,3386.0,0.8998139782088759,377.0,0.1001860217911241,133.0,0.03534414031357959,202.0,39.0,0.010364071219771459,96.0,152.0,0.04039330321551953,270.0,53.0,0.014084507042253521,3157.5551018271553,3997.5207318412276,110.35767316818237,890.7121016465885,1001.0697748147709,6154.006058853613,31.7416398818643,33.121711181075796,15.380240743537817,16.703272205347524,20.651027043132927,27.35113803934939,20.74859088081967,28.802612537176145,24.083136219084707,9.716668592603519,1.9880603218057007,3.3220201477236677,1451.4154421492462,0.3057745999999997,4.788774740035422,1.1995399257411128,4.449198999176759,0.4286519321173202,2452.485216964017,1502.0504267795955,4531.656968371709,158.0,459.375,641.3025878981229,48.09769409235922,4746.684133179302,319.7401043974671,149.73588558568682,0.46830498747680077,1532.7489791111002,105.795869202,0.06902361093944756,6599.173216687869,134.27881123979213,207.10776706887114,3351.4464454283057,6155.9173437129475,0.4369208426694058,27.270485848492076
1.0,0.0,0.4999999999629765,2,2.040862856813818,0.21228628808547526,-438.5528412870026,60.34144190672992,2903.0,0.7714589423332447,860.0,0.22854105766675525,714.0,0.18974222694658519,753.0,20.0,0.005314908317831517,60.0,87.0,0.0231198511825671,895.0,39.0,0.010364071219771459,3157.5551018271553,4116.579768571369,59.424572587013245,188.25,247.67457258701324,7026.460297811511,51.63550882066904,52.51068693627359,5.216905403149228,5.216905403149228,8.642632592634085,9.089858082550467,3.2813529227244613,56.92124256211152,5.613999911711718,5.532098345646943,2.0212902252506257,3.132831446155993,1184.2040848472136,0.3057746000000002,0.25,1.0071961455425973,0.3204069503066148,0.4079242455553612,1431.8786574342269,2226.1766276176018,4598.568009080154,1266.0,465.0,207.2200699364826,51.51721183143109,3872.800699754698,710.0976018733406,1197.1677113322305,1.6859199470240827,1532.7489791111002,54.428371374000015,0.035510296934312825,6115.647280739139,124.06255914173978,198.3151994069204,2296.2159149163576,4885.0887111788625,0.646460975223331,29.61138680427097
1.0000000000000007,0.5000000000000072,8.053446780743518e-15,2,1.778851182164003,0.9605429014921023,-463.890656360887,57.587756105405454,3143.0,0.835237842147223,620.0,0.16476215785277704,429.0,0.11400478341748604,485.0,24.0,0.006377889981397821,81.0,111.0,0.029497741163964922,606.0,56.0,0.01488174328992825,3157.5551018271553,4099.615449232364,81.0,422.20707667525016,503.20707667525016,6753.963474384269,37.982161750952535,38.45693877283944,7.582285304241472,7.582285304241472,11.932797657922736,13.269083446727445,6.128338761313318,36.326023665361895,9.863271230435961,5.618851436314924,2.007213929844773,3.087913137924404,1330.3696649872086,0.3057745999999999,0.8705300550005158,1.0125,0.9886190111498039,0.4232801988505277,1833.5767416624587,1880.9029321102473,4798.438428983704,772.0,466.6666666666667,299.6651425743515,50.44363233334917,4350.818102573625,654.4768827290637,600.0661053157962,0.9168637138314446,1532.7489791111002,84.69286730000002,0.05525553659094045,6538.043964413789,130.56704699843232,197.8283931238988,2277.138817114281,4868.168292449114,0.586705596971214,28.85218450483871
1.1029565712620746,3.754629552838697e-08,0.4999999692739111,2,2.0681411321869123,5.08727082897153e-11,-445.07097656151495,60.12569750555687,2935.0,0.7799627956417752,828.0,0.22003720435822482,678.0,0.18017539197448845,715.0,14.0,0.0037204358224820623,52.0,99.0,0.02630879617326601,912.0,37.0,0.009832580387988307,3157.5551018271553,4113.511630829387,54.044870138505,178.75006285261625,232.79493299112124,7038.271799665422,59.68288907093559,60.853141797816676,5.503163032135344,5.503163032135344,9.176364797477733,9.65469382670154,3.3947361914103786,63.78332586929998,5.827665492356469,5.620781751191311,2.024800064449232,3.1522359470618055,1198.8777573870495,0.30577459999999945,0.250000087905757,1.0597033360491175,0.31933461315654493,0.40847623761057905,1431.6726903781707,2203.819880636054,4555.760054513658,1272.0,484.61538461538464,204.86083908259135,51.89807923425648,3920.7892264009233,700.0381338668429,1159.077273201024,1.6557344766328068,1532.7489791111002,48.657077526,0.0317449746756433,6153.576339378867,125.03053348759339,197.74661569316245,2276.283667935038,4846.752548154634,0.6754634151242854,29.47280610312725
1.0,2.2807572912736647,0.0,2,2.1230046750101894,0.0,-407.4448137335031,45.84472415121531,3299.0,0.8766941270263088,464.0,0.12330587297369121,168.0,0.044645229869784746,345.0,34.0,0.00903534414031358,166.0,144.0,0.038267339888386924,421.0,118.0,0.03135795907520595,3157.5551018271553,4048.290052926038,76.0,881.0270508345187,957.0270508345187,6248.818103918675,18.563584950765996,20.273388827810233,9.18047246983049,11.074346161159157,12.228606856983708,19.52755657474586,12.364814241409869,18.36023748872049,14.738133048031258,6.514362875841238,2.0104760426030537,3.095089464528988,1401.4505538334838,0.3057745999999997,3.0805141637570586,0.5,2.990709533857871,0.42481071653030733,2358.4776046680026,1553.2239515984854,4703.103366521251,387.0,712.9518072289156,421.09446074845204,49.24465777086064,4583.279820604737,486.1968948394683,256.1512805816628,0.5268468048654206,1532.7489791111002,167.83852080999998,0.1095016360130515,6602.225694555305,131.8431457830772,196.05040223278527,2266.9381836664797,5221.175100643533,0.4479008111023387,27.56405590614963
1.000000000138099,3.1194302469712752e-09,0.499999999718842,2,2.8389050540438867,1.5432870459716221e-07,-448.4237287126287,60.66385916234166,2884.0,0.7664097794313048,879.0,0.2335902205686952,713.0,0.1894764815306936,753.0,21.0,0.005580653733723093,62.0,105.0,0.027903268668615467,914.0,40.0,0.010629816635663035,3157.5551018271553,4120.5363517762535,58.00000123462962,188.25000843388207,246.2500096685117,7031.841443934897,49.99282420310526,50.81237869823813,5.222159818515765,5.222159818515765,8.62802631157656,9.085066465032167,3.238728103119294,53.168888466658274,5.526258441853563,5.43832037239932,2.022219647727364,3.1172011100606465,1174.4362474593001,0.30577459999999923,0.2500000112003746,0.9508196923709774,0.31815246727197893,0.4072247737376214,1420.6862571278118,2197.1465155549017,4595.415650760681,1284.0,486.2903225806452,213.72838192071606,54.263261409870694,3840.856132129036,723.0700058237825,1214.1452502774455,1.6791531117297398,1532.7489791111002,58.296405848999996,0.03803388985638621,6096.675117063918,133.32780717862596,198.2797855563953,2293.1784613199284,4872.879684880531,0.6651991853190332,29.938325314922626
3.6601798026179426,4.325059575303867,3.393381926116289e-13,2,1.853748646679314,0.3571532245186789,-231.07703137501179,29.78035052833837,3459.0,0.9192133935689609,304.0,0.08078660643103906,141.0,0.037470103640712196,170.0,8.0,0.002125963327132607,27.0,136.0,0.03614137656125432,207.0,19.0,0.005049162901939941,3157.5551018271553,3999.460261685192,84.18520039540323,972.1245126210242,1056.3097130164274,6100.70565049592,113.82851486784267,113.82851486784267,17.807857347436283,18.92084843165105,30.968048987288935,36.31372411009476,19.133452928112508,93.23137564762497,31.9096078793478,9.283480536046493,2.005135833275268,3.2819816367344323,1481.1531763191492,0.3057745999999995,6.075778203881401,3.1179703850149343,6.287557815573972,0.42820271070226923,2537.4628893355766,1502.3567405683475,4414.019397400648,143.0,466.6666666666667,716.8843351604506,41.22084927172591,4843.93790824729,326.0992186399739,158.22213379040156,0.4851962983851393,1532.7489791111002,32.964974292,0.021507092642865534,6702.786105998363,115.12167192981187,203.9192514601743,3372.5198436950036,6182.128731545822,0.4800811560716984,27.86481764522333
1.0,1.6282560116926854e-15,0.5000000000000008,2,3.820515449440561,5.721836702926534e-17,-444.4175786896288,60.253263161461625,2911.0,0.7735849056603774,852.0,0.22641509433962265,690.0,0.18336433696518736,733.0,17.0,0.00451767207015679,60.0,102.0,0.02710603242094074,947.0,43.0,0.011427052883337762,3157.5551018271553,4115.4066961479075,54.0,183.2500000000043,237.2500000000043,7035.711797975058,51.72591836378592,51.72591836378592,5.364470253953484,5.364470253953484,8.872272128594021,9.380949063966744,3.404232283181738,53.66651975450394,5.80069115052647,5.567643967305521,2.0248293387394884,3.142344979634078,1194.8431695369095,0.3057745999999991,0.25000000000000583,0.9,0.3163333333333391,0.4104579764812468,1432.0931695369138,2199.749232979158,4585.858807269312,1298.0,487.5,204.67800439267756,53.84168615551824,3907.5945795920034,706.2514627800246,1155.0788456987268,1.6355064825663916,1532.7489791111002,57.830377598999995,0.03772984251637737,6146.595021483128,128.6935882832121,197.94142140706467,2282.6429611364606,4856.350808855365,0.6549724549739175,29.380340195769246
1.0000000000064417,9.366867936186975e-13,0.4999999999998292,2,1.3639844124634684,0.6908266580111694,-454.43883578042085,60.03773280110261,2918.0,0.7754451235716184,845.0,0.22455487642838162,690.0,0.18336433696518736,726.0,19.0,0.005049162901939941,56.0,100.0,0.026574541589157587,940.0,36.0,0.009566834972096731,3157.5551018271553,4114.212495300395,56.0,181.50000000134582,237.50000000134582,7034.267597126204,55.38491253262777,56.39191094231192,5.416959359916046,5.416959359916046,8.995227106299494,9.441969929028462,3.3732091534996327,61.36098441270794,5.7827963075616715,5.599474061418111,2.0235244936361765,3.1472035761448165,1192.708687694757,0.30577459999999973,0.25000000000185374,1.018181818181818,0.3187919463105313,0.4087418395115685,1430.2086876961027,2201.804541432637,4581.641301609806,1298.0,450.0,209.4652867977908,54.69371377497871,3900.6140068362706,702.3360501652289,1165.8667803681676,1.6599842484148297,1532.7489791111002,50.546045366000016,0.03297737989381249,6135.6990361126,130.64147435774723,198.15270089755634,2286.8022278907088,4866.164333699563,0.6914184497589592,29.52880359123151
1.0000000000073832,1.3767239450387186e-12,0.5000000000012943,2,3.3865826919301525,0.0,-455.48421794066354,60.28962431626429,2921.0,0.7762423598192931,842.0,0.22375764018070687,690.0,0.18336433696518736,735.0,16.0,0.004251926654265214,62.0,91.0,0.024182832846133404,916.0,45.0,0.011958543715120914,3157.5551018271553,4119.60992073316,56.0,183.75000000408934,239.75000000408934,7037.415022556226,50.025082287534765,50.845165603723856,5.3549114567742455,5.3549114567742455,8.829880831312705,9.370725729102832,3.4072789858716934,54.29052249332327,5.805194509053591,5.466225167855566,2.0235244936361765,3.12387819390595,1198.5409934982165,0.30577459999999945,0.2500000000055637,0.9180327868852459,0.3192410119894665,0.41031872423766397,1438.2909935023058,2191.4725765981357,4581.317640926678,1328.0,493.5483870967742,195.7742376384283,49.813667132444536,3919.687879562981,720.0325269939681,1155.1328602821025,1.604278719330383,1532.7489791111002,57.12884974,0.03727214992055072,6172.46938566805,118.29306172505092,198.16080840400625,2285.495600923374,4861.717403959163,0.6384897195929791,29.869820625884138
1.0000000000000004,8.939943146646696e-16,0.5000000000000001,2,3.9999999999999987,0.9999999999999999,-441.76316489314274,60.52605353105227,2902.0,0.7711931969173532,861.0,0.22880680308264684,708.0,0.18814775445123572,745.0,19.0,0.005049162901939941,56.0,97.0,0.02577730534148286,892.0,37.0,0.009832580387988307,3157.5551018271553,4119.082201773241,56.0,186.25000000000173,242.25000000000173,7034.387303600394,55.38491253262777,55.38491253262777,5.278969398353341,5.278969398353341,8.782006621223962,9.207313224607846,3.302137578459431,58.01000218532327,5.652554127221726,5.475176951080601,2.0235244936361765,3.124934276743179,1188.3936872569818,0.30577459999999945,0.25000000000000233,1.0,0.317081151832463,0.4095085069803521,1430.6436872569836,2203.1786690051695,4577.359322228481,1249.0,450.0,203.42131135760275,50.403280480828236,3886.5023035169825,718.3023008958717,1190.9958650505562,1.6580705137170488,1532.7489791111002,53.46586769500001,0.03488233782808122,6137.553583523954,121.3758479266732,198.18763299596472,2288.605068406741,4867.024744633316,0.6455490985013751,29.89500075524112
1.0000000000000047,1.5221694560019622e-14,0.5000000000000024,2,2.959646192780216,0.9999999999999993,-443.6955156193686,59.94515605669692,2902.0,0.7711931969173532,861.0,0.22880680308264684,709.0,0.1884134998671273,744.0,19.0,0.005049162901939941,55.0,98.0,0.026043050757374436,912.0,35.0,0.009301089556205155,3157.5551018271553,4118.434662661675,55.0,186.00000000004206,241.00000000004206,7034.989764488789,56.41009276049373,57.45472410791029,5.2855304605667115,5.2855304605667115,8.804743134529147,9.220170071413877,3.2451057058345087,58.195761935406814,5.560741597177445,5.490852768040256,2.0241769161878325,3.1281522289189714,1177.9888636118712,0.3057745999999974,0.2500000000000565,1.0185185185185186,0.31585845347318753,0.405923109445855,1418.9888636119133,2198.21101303488,4571.039309594143,1297.0,450.0,213.9073815693334,54.189869997564465,3852.4745469763716,716.1792218415577,1211.8047974805097,1.6920412663809459,1532.7489791111002,53.312389058,0.034782204904104976,6101.40274792903,131.7823913945987,198.072868675327,2289.534194526171,4870.623657500444,0.6506924233378116,30.040644326432208
1.0,0.0,3.0,2,4.0,0.0,-465.6528623228746,54.35095969954919,3234.0,0.8594206749933564,529.0,0.14057932500664364,351.0,0.09327664097794314,374.0,29.0,0.0077066170608557005,53.0,126.0,0.03348392240233856,508.0,23.0,0.006112144565506245,3157.5551018271553,4094.447066017992,52.0,561.0,613.0,6639.002167845147,58.59537927975765,59.72221349667606,9.447719427855594,9.447719427855594,15.548014444602217,16.473950788697636,6.131296688766069,57.950119033308724,10.539989053646627,5.542389387535268,2.026134183842801,3.05905280344947,1356.1741065507206,0.30577459999999995,1.5,1.0,1.521091811414392,0.41934882701011766,1969.1741065507206,1804.4089286730102,4736.93943767581,616.0,466.9811320754717,335.2839738933925,47.31229409384539,4435.208505058042,637.5313639934158,576.2968659618235,0.9039506109189247,1532.7489791111002,53.59014189500001,0.03496341711875025,6605.488848162558,123.82582196654124,198.50477292615656,2302.82199952033,4938.798382306029,0.6325067475686305,29.293657570218404
1.0,0.0,0.4999994949284115,2,3.585135893216962,0.8236547606902813,-444.36203475380427,60.315307387982976,2911.0,0.7735849056603774,852.0,0.22641509433962265,702.0,0.18655328195588627,738.0,17.0,0.00451767207015679,53.0,97.0,0.02577730534148286,911.0,36.0,0.009566834972096731,3157.5551018271553,4117.052171779279,53.0,184.49981305003166,237.49981305003166,7037.107460556403,58.57651135522934,58.57651135522934,5.3286617326954575,5.3286617326954575,8.89646960879444,9.320672133187289,3.3389826619301486,62.02036608609613,5.731352590120631,5.525991560370679,2.025481761291145,3.1354133601948604,1191.3459780900382,0.30577459999999956,0.2499997466802597,1.0,0.31456928880798896,0.4092566053212086,1428.8457911400699,2196.3681120369906,4577.070643858303,1293.0,450.0,205.72451045942077,52.059730285703424,3896.157424750257,711.6464648500938,1177.7696253313209,1.6549925890229982,1532.7489791111002,50.05702638900001,0.032658332885029874,6140.552868711451,125.15011900471056,197.8452362925731,2281.1891618971235,4856.590752225515,0.7042031873590856,29.70183402805733
1.000000000000005,3.0384888780619e-14,0.5000000000000145,4,3.4798777356837483,0.9999999999999937,-525.8079929566927,55.81265853620479,2835.0,0.7533882540526176,928.0,0.24661174594738242,786.0,0.20887589689077862,812.0,18.0,0.0047834174860483655,44.0,98.0,0.026043050757374436,918.0,26.0,0.006909380813180973,3157.5551018271553,8194.26641375751,44.0,203.00000000010206,247.00000000010206,11104.821515584565,70.76261595061716,70.76261595061716,9.841461100686464,9.841461100686464,12.972922331290379,13.379303030824776,6.276821971497571,74.4002549705393,8.444810524886112,6.181952535513395,2.03135356425605,3.9303179470054626,1167.5610712943665,0.3057745999999989,0.2500000000001257,1.0,0.2975903614459061,0.4118381203860199,1414.5610712944685,2403.1971457850764,4654.2221507762515,1353.0,450.0,188.12705305124652,47.97239852806786,3818.3716740840173,1292.676766418064,1273.138930822789,0.98488575326575,1532.7489791111002,41.84871547900001,0.027303045736340785,6643.797419613182,112.64194589554808,197.6456871251513,2270.1068675620204,4862.205228258971,0.7014256537403727,29.381141634114158
1.0,0.0,2.999999929305333,2,2.7753019098298672,1.0,-483.4176274728853,54.84564936532277,3249.0,0.86340685623173,514.0,0.13659314376827,331.0,0.08796173266011162,351.0,32.0,0.008503853308530427,52.0,131.0,0.03481264948179644,477.0,20.0,0.005314908317831517,3157.5551018271553,4098.926797336365,52.0,526.5,578.5,6677.98189916352,59.72221349667606,59.72221349667606,10.177854123465426,10.177854123465426,16.57067468775067,17.43598407092303,6.503124412285515,58.65263127291593,11.087682663392183,5.477342357979078,2.026134183842801,3.056329401435053,1363.415234190561,0.30577460000000034,1.5,1.0,1.510443864229765,0.4196415002125457,1941.915234190561,1858.5316547239202,4713.903137435028,564.0,458.65384615384613,341.1559687387913,45.20316585788984,4458.889764521185,652.2190076602129,549.3400665359314,0.8422631969998053,1532.7489791111002,52.948265651999996,0.034544642582444725,6643.857751292498,118.80580731667622,198.4693363233498,2303.0322458133455,4945.8613843985295,0.6039425122167505,29.51095487148132
1.0,0.0,1.5184761881342559,2,1.0,0.20557279785427449,-465.82299929087395,56.86695956149035,3086.0,0.8200903534414031,677.0,0.17990964655859687,488.0,0.12968376295508902,519.0,25.0,0.006643635397289397,56.0,133.0,0.03534414031357959,704.0,31.0,0.008238107892638851,3157.5551018271553,4105.996195500037,55.411145597696304,394.0445553660393,449.4557009637356,6814.095596363457,55.39542778981177,55.39542778981177,7.152122620682077,7.152122620682077,11.850601037153838,12.525911022726943,4.556815231062309,55.26988649841188,7.8258118056529336,5.495952231023919,2.0239086755278812,3.085889494092025,1286.504040680416,0.3057746000000001,0.759238064289093,0.9894847428160054,0.8262053326539257,0.4168840054051899,1735.9597416441516,1949.3580099972482,4776.017149473663,924.0,466.07142857142856,263.0943070951452,51.449553387495065,4207.360718255916,675.3973622952043,814.5934061207586,1.206095036191027,1532.7489791111002,56.127199688000005,0.036618650837758386,6415.507059662221,129.16292374219682,198.06136086760796,2286.0697969627868,4875.829369959857,0.6100344397362668,29.671092615865202
1.0000000000000069,1.4091875734805213,2.1710789096290823e-14,2,3.7550324563722906,0.9999999999999987,-365.94966305852074,43.84910693305493,3322.0,0.882806271591815,441.0,0.11719372840818496,213.0,0.05660377358490566,272.0,42.0,0.011161307467446186,97.0,134.0,0.035609885729471165,361.0,52.0,0.013818761626361946,3157.5551018271553,4047.0053389485656,112.0,813.5660338413591,925.5660338413591,6278.994406934362,31.397475276568613,32.399522359863354,11.887644504070613,12.201657755121534,17.016245005242173,20.452750511186846,12.394663515068734,26.297180247952642,16.669019156922182,6.708593001528682,1.986988830743433,3.1165381391898657,1416.8141733811462,0.30577459999999895,3.0700605050617322,1.1914893617021276,3.014873074401821,0.42649433274567916,2342.3802072225053,1628.6813910095038,4622.397561553638,300.0,477.83505154639175,457.94752177316695,45.92195982225368,4633.524738095156,481.98471786414905,260.87350424448175,0.5412484972563194,1532.7489791111002,115.81299109300002,0.07555900716382431,6648.2584350704055,125.58482482915441,196.5283035161485,2503.587470516362,5478.434493910074,0.4788138297223822,28.245311511626596
1.0000000000000013,0.500000000000008,4.865280889648723e-16,7,3.0453850176972095,9.930545737945643e-15,-409.4462683009901,29.48370994593721,3011.0,0.8001594472495349,752.0,0.19984055275046506,472.0,0.1254318363008238,750.0,8.0,0.002125963327132607,186.0,101.0,0.026840287005049163,566.0,171.0,0.045442466117459474,3157.5551018271553,13976.260469220517,18.000000000003375,664.3863204944047,682.3863204944081,16451.42925055326,16.879328504447056,17.539413976688,17.749165531634816,20.702759173757563,17.576313301873142,25.271012673660923,20.13874216096422,14.032420900929978,18.59456362052964,12.444417875882015,2.0483165505991074,6.321502772222702,1268.4315978528593,0.3057745999999999,1.0332602184982966,0.10055865921789595,1.048212473877739,0.4212658910172233,1950.8179183472673,2742.3045966593145,4806.741281458166,874.0,783.8709677419355,260.48834117495016,40.954555862506055,4148.256911636414,1069.7064564607138,661.0082219796767,0.6179342173615767,1532.7489791111002,223.73581322799993,0.14597029016307217,6750.712347208228,103.73856641903882,196.83586032931282,2759.3909992861645,5983.08265475731,0.5806304069751071,27.36454390247956
1.0000000008994314,6.544864535324653e-10,0.49999912977094907,3,3.9999999998740328,0.46957335417456736,-462.5312263293139,58.38041291418082,2851.0,0.7576401807068828,912.0,0.2423598192931172,770.0,0.2046239702365134,803.0,17.0,0.00451767207015679,50.0,92.0,0.02444857826202498,915.0,33.0,0.008769598724422003,3157.5551018271553,6165.484945137045,50.0,200.74965550817413,250.74965550817413,9072.290391456027,62.15110203654311,62.15110203654311,7.4280638725141594,7.4280638725141594,10.63574489033532,11.063768770068325,4.584790334920198,64.8991267197443,6.725864489499914,5.766501037146274,2.0274390289461133,3.5340263497657993,1156.9221331536478,0.30577459999999995,0.2499995709939902,1.0,0.3057922628148465,0.40579520629731597,1407.671788661822,2259.533964632602,4610.635559554099,1330.0,459.0,199.67472760639592,50.7506599332923,3783.5782735179705,1034.3768693017869,1300.9832192757601,1.2577458544233833,1532.7489791111002,47.882849260000015,0.031239850694775285,6350.704121930858,121.17985813079437,198.16075018887054,2288.8577221689166,4870.4394029350515,0.6801444730888077,29.751488701066066
4.999999998200073,3.5445436191127984e-10,0.5000000085156775,2,1.470489326902563,0.9999999999304069,-462.2657146451855,61.08704360286033,2903.0,0.7714589423332447,860.0,0.22854105766675525,743.0,0.19744884400744087,754.0,4.0,0.0010629816635663034,15.0,102.0,0.02710603242094074,932.0,11.0,0.0029231995748073346,3157.5551018271553,4123.54707321102,75.0,188.50000058091047,263.50000058091047,7017.6021744572645,205.50367345514368,205.50367345514368,5.218895321790596,5.218895321790596,9.125620512948329,9.258050362080823,3.1526596029871308,230.07573938299706,5.562614456323842,5.3688439750640455,2.0111284651547097,3.0973352693708356,1184.572056424777,0.30577459999999995,0.25000000077043827,5.0,0.34762533058167605,0.40805100117973714,1448.0720570056874,2267.3502060546016,4580.185350021934,1415.0,450.0,212.37170443486903,54.98067459258276,3874.0041076818584,732.941223642687,1248.1674421500088,1.7029570747114882,1532.7489791111002,13.398001502000001,0.00874115832702757,6139.694310435645,131.120238570367,198.28026730851198,2292.2270854078947,4873.040208541461,0.6722187018948761,30.073355154742977
4.159927225727583,0.0,0.5000000000000003,2,1.0,0.6520362733285789,-476.79965290150534,60.47829261344116,2924.0,0.7770395960669678,839.0,0.22296040393303215,725.0,0.1926654265213925,735.0,8.0,0.002125963327132607,18.0,96.0,0.025511559925591284,900.0,10.0,0.0026574541589157587,3157.5551018271553,4120.324284621318,74.87869262695312,183.75,258.6286926269531,7019.25069382152,171.25980051112234,171.25980051112234,5.3558833804371675,5.3558833804371675,9.32171406882008,9.447174554268534,3.210265254858074,202.6422807748366,5.654037057695091,5.4494907761671705,2.011207608820568,3.112579033867022,1191.1220420665436,0.3057745999999998,0.25,4.1599273681640625,0.3480870694844591,0.40736047950292187,1449.7507346934967,2264.95855358806,4571.000749948607,1378.0,450.0,214.9138362258506,53.72845905646265,3895.425068225237,722.374703676452,1226.245799677807,1.697520405181625,1532.7489791111002,15.212404822,0.009924915970795332,6150.548751012789,128.05625786172658,197.9955891180691,2281.514854679931,4854.261302901184,0.660673401359949,30.05147243865505
4.999999999999998,0.0,2.7494905632470426,2,1.6397865683582513,1.0,-516.3519966463911,56.3047513585598,3257.0,0.8655328195588626,506.0,0.1344671804411374,363.0,0.09646558596864203,370.0,9.0,0.0023917087430241827,16.0,127.0,0.033749667818230134,514.0,7.0,0.0018602179112410311,3157.5551018271553,4102.849427649083,80.0,508.6557424068451,588.6557424068451,6671.748787069393,192.3471938641972,192.3471938641972,9.714036987141183,9.714036987141183,17.284323282563193,17.603558804932437,6.072835669461606,194.8405338350401,10.979719303818545,5.404151673995812,2.0078663523964293,3.0356085825119745,1366.668654888712,0.30577460000000023,1.37474524974823,5.0,1.553181378382177,0.4196096576262548,1955.324397295557,1927.8609624086096,4707.351664008263,694.0,450.0,331.8994070144408,47.38785977928404,4469.529695693203,665.0800906527302,591.8476772418387,0.8898893314652992,1532.7489791111002,15.795250820000001,0.010305177844033061,6667.358765457034,122.15379267784125,198.31040535211216,2296.772127804795,4918.598086155834,0.6040490081401435,29.254074473338758
5.0,2.8560625445134367,0.0,2,1.822021732082327,1.0,-322.23849336482436,38.91966820139162,3420.0,0.9088493223491895,343.0,0.09115067765081053,202.0,0.05368057401009833,203.0,4.0,0.0010629816635663034,6.0,136.0,0.03614137656125432,247.0,1.0,0.00026574541589157585,3157.5551018271553,4031.0689252100133,30.0,931.0198806799913,961.0198806799913,6227.604146357178,521.2591836378592,625.511020365431,15.271177559261192,15.271177559261192,29.797149025632432,30.08504418530038,13.593469729359564,425.9023180725459,26.455676872497577,7.213875882987883,2.040487479979236,3.1733287056345807,1467.0060405952527,0.30577459999999934,4.586304830935918,6.0,4.6426081192270106,0.4289491346769745,2428.025921275244,1689.423708035269,4460.79969817685,227.0,450.0,646.247535682279,44.339761475978584,4797.671358560377,429.7341810164367,228.05428681938707,0.5306868685194588,1532.7489791111002,7.343362478000001,0.004790975285632679,6760.154518687914,122.70821367687188,197.71446840619137,2817.4179462359393,5888.419750780983,0.5153765402342714,27.90824675787301
3.470308062441149,0.0,0.5000000001501663,2,1.3760311264169272,0.6499123375557037,-480.8758586323368,60.50919917785493,2941.0,0.7815572681371247,822.0,0.21844273186287536,700.0,0.1860217911241031,714.0,9.0,0.0023917087430241827,23.0,99.0,0.02630879617326601,890.0,14.0,0.0037204358224820623,3157.5551018271553,4122.4663332667105,79.81708550453186,178.5,258.31708550453186,7021.704349589334,133.8146963618532,133.8146963618532,5.523762371522004,5.523762371522004,9.527414314232475,9.71190089846381,3.3837978856904876,143.602596037446,5.915621410828292,5.407154035321834,2.0079856899382973,3.104000311123025,1206.149490066616,0.3057745999999995,0.25,3.4703080654144287,0.357285042191607,0.41011543354866237,1464.4665755711478,2269.426801991412,4580.265380866423,1324.0,450.0,214.40770660224086,53.006349687776215,3944.5705760603328,729.3978139892155,1165.5442985956936,1.5979541976155782,1532.7489791111002,21.432328531999996,0.013982934468780024,6206.717369160649,127.95529524496153,198.06509527662706,2287.463075408535,4867.338156026782,0.6646469590389532,30.209793681107577
1.000000000060116,6.299900768457926e-12,0.5000000000024407,4,3.9999999999996323,2.584489353056985e-13,-525.3693177999554,55.64425576040176,2855.0,0.7587031623704491,908.0,0.2412968376295509,761.0,0.20223226149348925,794.0,19.0,0.005049162901939941,53.0,95.0,0.025245814509699708,913.0,33.0,0.008769598724422003,3157.5551018271553,8194.826182685696,45.000000000004135,198.5000000238207,243.50000002382484,11108.881284489027,58.72745475145568,59.85682888129137,10.070939776652237,10.070939776652237,13.1155623193495,13.664060620527708,6.297851045901293,59.303318781452575,8.401965046408469,6.177096638125847,2.0307011417043914,3.9292025300509197,1163.2108844946795,0.3057746000000001,0.2500000000300009,0.8653846153846949,0.29950799510925563,0.40742938160934483,1406.7108845185044,2377.15943283585,4635.613207997458,1335.0,492.45283018867923,184.65503739641488,46.83056920636855,3804.1448978910576,1294.51207437933,1269.6912207642586,0.9808260933935498,1532.7489791111002,52.48534425699999,0.034242622224702604,6631.405951381488,111.7689214182606,197.99706500832687,2282.1980321250317,4875.698052287423,0.7050971374480632,29.35835211981321
1.00000000001204,3.9287169276186433,2.3547512231964305e-11,2,1.78596263879085,3.6663842594488123e-10,-313.21028767185,36.97189711519362,3344.0,0.8886526707414297,419.0,0.11134732925857029,135.0,0.03587563114536274,275.0,42.0,0.011161307467446186,150.0,144.0,0.038267339888386924,322.0,98.0,0.026043050757374436,3157.5551018271553,4021.0911703694946,83.00000004839637,946.4183668855669,1029.4183669339632,6149.227905262687,20.497034011858393,21.961107869848277,11.180628376305192,13.19602061581085,14.468771541794558,22.360828746409773,16.988479299745205,20.452779949550933,18.560327317831526,7.744373121517405,2.0059090847098857,3.1865094923977932,1426.4023032560322,0.30577459999999973,4.061881402942348,0.5928571432028312,3.7433395161235024,0.42655571269618187,2455.8206701899953,1503.4670830615823,4650.85865952177,240.0,561.0,548.7781008550991,49.08515235426164,4664.881593356785,397.0202307196541,180.98575800896094,0.45586029125241107,1532.7489791111002,150.32455780399988,0.09807513157906576,6594.650803187539,135.53576915843337,195.11011443540065,2677.37319342846,5788.034816701416,0.3979946760186034,28.147793209603112
4.999999995879534,9.178597344736884e-08,0.5000003414144618,2,1.0000000617981146,7.009982342739625e-08,-447.7140548898236,60.83831615054428,2911.0,0.7735849056603774,852.0,0.22641509433962265,731.0,0.19425989901674195,747.0,4.0,0.0010629816635663034,21.0,101.0,0.026840287005049163,894.0,16.0,0.004251926654265214,3157.5551018271553,4121.3764812527625,85.00000280399291,186.75024451521134,271.7502473192043,7007.181335760713,146.31214757253153,153.62775495115812,5.267237264708903,5.267237264708903,9.123934030938429,9.33046782391573,3.2394870068977886,170.4809392547722,5.684850970175566,5.420905578649755,2.0046042378087603,3.102480973736044,1195.0930400375705,0.30577460000000023,0.2500003273296002,4.250000140199646,0.3618511948324957,0.41054381313554467,1466.843287356775,2271.6825647348323,4602.303998584733,1360.0,621.4285714285714,205.4350671722343,51.01637501443819,3908.411751785693,725.824528697582,1214.583120216137,1.6733839546530378,1532.7489791111002,18.022865854999996,0.011758524129275328,6166.985259594375,123.29376405696715,198.0068278079804,2281.2424487206613,4856.937909805285,0.6867874605133168,29.958838991812083
3.7031842674433615,3.9124938899460844,2.7410502923471863e-16,3,2.1801174787341093,0.5678871352292911,-189.13040489237056,20.556261408400008,3439.0,0.9138984852511294,324.0,0.08610151474887058,153.0,0.04065904863141111,181.0,10.0,0.0026574541589157587,31.0,140.0,0.03720435822482062,214.0,21.0,0.005580653733723093,3157.5551018271553,5950.2646763206385,119.32388923237741,1069.7370618520663,1189.0609510844438,7918.7588270633505,98.00745847079928,98.00745847079928,26.964240963914765,28.049009278555012,37.35263597671392,43.03673275577908,28.524516549273315,86.94252538834007,38.432240796797196,14.846314545040896,1.9822105602423983,4.2539994562056185,1473.7553338867447,0.30577459999999984,6.147914148575094,3.849157717173465,6.462287777632847,0.4285418243346161,2662.8162849711885,1568.3114962599132,4452.65791398958,141.0,450.0,723.3768221561506,43.00073331706007,4819.744131418193,328.736643674225,171.09939816290796,0.5204755887587205,1532.7489791111002,34.945283669,0.022799091139676445,6681.2297542035185,120.33386516628651,219.6641075583577,3900.699331389032,6293.818190859725,0.5013526494673062,27.469862097860382
4.9999999999999885,0.5000000000003024,3.76261886050191e-15,2,1.3710012876528122,5.661442462421108e-14,-490.81332181814025,57.7567087657603,3098.0,0.823279298432102,665.0,0.17672070156789796,425.0,0.11294180175391974,618.0,7.0,0.0018602179112410311,141.0,108.0,0.028700504916290195,731.0,125.0,0.03321817698644698,3157.5551018271553,4098.629329323758,85.00000000007032,375.11232104111684,460.11232104118716,6796.072110109726,21.791170934943864,23.276932589599127,6.025108427641814,6.770030924150256,8.95398169974931,12.20120666087922,5.886603071470358,18.043421447170747,8.465170108473727,5.717547813269327,2.0046042396381023,3.1117650561316785,1297.024679365925,0.3057746000000002,0.6820224018929397,0.6439393939399266,0.8260544363396538,0.41866516441766466,1757.1370004071123,1995.8487146712032,4769.597664005112,1043.0,941.4893617021277,248.51877136094555,50.46311718468089,4241.767234315487,651.2437027008458,632.5408666211597,0.9712813559622588,1532.7489791111002,170.28672255,0.11109889803923131,6425.759916127433,125.90812130636672,197.08742929952086,2253.781147764938,4820.926395224497,0.5319977890983261,28.957180013520897
1.0000000001125724,3.735596147183553,0.0,2,3.599018133034492,0.0,-293.65095454074134,28.824495192263623,3400.0,0.9035344140313579,363.0,0.09646558596864203,87.0,0.0231198511825671,226.0,47.0,0.012490034546904066,146.0,136.0,0.03614137656125432,276.0,93.0,0.024714323677916556,3157.5551018271553,3991.8224293933777,76.0,943.5680079577181,1019.5680079577181,6129.809523262815,21.10654179333668,22.011107870193968,13.487851422281679,16.934746785753664,16.47798258941617,27.003566181774513,23.24758193880422,19.481174963382255,21.188233619083412,10.125168814199636,2.0104760426030537,3.34267043872414,1445.2124327938677,0.3057745999999999,5.242044488653989,0.5428571428571428,4.4914890218401675,0.4250624802334905,2464.780440751586,1252.0294221130664,4574.823052100249,180.0,536.3013698630137,594.4064162821369,45.57115858163049,4726.397917923426,301.0571455520581,131.1213540169353,0.4355364287284857,1532.7489791111002,158.1811727279999,0.10320096433516153,6560.204042586584,126.79449207463985,198.64610410477925,3142.432965830432,6028.829667296092,0.3659922891174258,27.613779801629743
4.999999999999998,5.857611902496654e-15,0.5000000000000038,4,1.0000000000000095,2.3568718500625715e-16,-529.0729882321026,56.57671720534132,2845.0,0.7560457082115334,918.0,0.24395429178846664,803.0,0.21339356896093542,815.0,5.0,0.0013287270794578793,17.0,98.0,0.026043050757374436,887.0,12.0,0.0031889449906989105,3157.5551018271553,8205.220708864957,60.000000000000014,203.75000000000597,263.75000000000597,11099.025810692108,182.2091236368915,182.2091236368915,9.81775547099994,9.81775547099994,13.340175253235707,13.535397330112326,6.105966817708678,209.70188709593518,8.375321650559385,6.0225168971240866,2.0209148034295517,3.878958851276362,1165.5691522005259,0.305774599999999,0.2500000000000073,3.529411764705883,0.3216463414634219,0.40969038741670505,1429.3191522005318,2467.6371253662865,4621.905734148666,1416.0,555.8823529411765,202.05041246034014,49.78297662564492,3811.85733609178,1328.5924880818297,1310.4346858975528,0.9863330537037037,1532.7489791111002,14.771231412,0.009637084488920295,6673.198803284709,119.94240909851412,197.9572698484843,2280.1090683275315,4867.627317798624,0.6983790045805106,29.61400893586733
2.2181626162550776,3.8673859072956946,0.0,3,1.9257262423041868,1.0,-187.87287934999128,19.61443786898536,3423.0,0.9096465585968642,340.0,0.0903534414031358,153.0,0.04065904863141111,175.0,15.0,0.003986181238373638,34.0,154.0,0.04092479404730268,220.0,18.0,0.0047834174860483655,3157.5551018271553,5944.7910447222075,90.94466400146484,914.9663599054364,1005.9110239069013,8096.435122642462,90.19442464193207,92.92758902502092,28.74185534181012,29.41417944337293,38.73892403178212,43.529221089475605,31.93026220500122,72.76313855003507,40.548994937415735,16.183981655280895,2.0007258067815745,4.3917887554577995,1474.0641181369133,0.30577459999999923,5.350680467283254,2.7558989091352983,5.4081237844457055,0.4306351499085344,2479.9751420438147,1605.6024412369388,4433.090869438084,127.0,463.2352941176471,717.781046306088,43.86439727426094,4820.753974126422,310.79031056461434,157.52531728439587,0.5068540167749078,1532.7489791111002,42.14510944600001,0.02749641984458641,6664.293263802137,122.6921450380045,226.164786369819,3664.337989111032,6217.071096512057,0.5004081863874327,27.388691703096722
5.0,3.568049795361657,0.0,2,2.1081258737280204,0.0,-341.7887571126459,36.96462716283363,3404.0,0.9045973956949243,359.0,0.09540260430507573,141.0,0.037470103640712196,278.0,2.0,0.0005314908317831517,91.0,133.0,0.03534414031357959,292.0,83.0,0.022056869519000797,3157.5551018271553,4020.4070230814286,20.0,1019.4292208908606,1039.4292208908605,6138.532904017723,34.4786274926061,36.91241296267241,10.794884180541612,13.397222331207894,16.635590525793287,27.161650017777536,16.038455767530767,35.92682191694076,22.36722348467258,7.601701348011302,2.0470117054957973,3.184669142161127,1451.0839364909361,0.3057745999999985,4.551023307548485,0.23529411764705882,4.599244340225047,0.4262878779350576,2490.5131573817966,1577.5031162308494,4545.265904875015,276.0,702.1978021978022,557.4997418359719,45.219423504473276,4745.599982768167,394.7771248571428,187.11139312214408,0.47396716106550935,1532.7489791111002,87.33182993700002,0.0569772553282972,6673.12608673641,123.42389826924014,195.7982337493705,2770.5309616476466,5915.175639266413,0.4168415188231723,27.78225201410105
1.0000000000000004,1.4607015933904235,1.83056846460849e-15,2,2.798484815746117,3.8219663271309515e-17,-454.44989075619657,47.116658868811406,3292.0,0.8748339091150678,471.0,0.12516609088493225,198.0,0.05261759234653202,365.0,30.0,0.007972362476747276,153.0,130.0,0.03454690406590486,432.0,113.0,0.030029231995748074,3157.5551018271553,4053.581938536402,64.0,679.1233821770603,743.1233821770603,6468.013658186497,20.219314391027158,21.633252460329757,9.245091935231073,10.85034905581782,12.486512853641887,18.967781988816707,13.220059273869746,18.400058697414774,15.277075161133983,6.701373022750699,2.0183051132229273,3.1763617108111872,1404.484702671029,0.30577459999999895,2.183676470022702,0.44755244755244755,2.179247455064693,0.42663569339946206,2147.608084848089,1726.7856748249703,4673.749987058314,449.0,752.9411764705883,400.50304682964503,48.06036561955741,4593.20264884995,503.54733946361256,255.25290669680774,0.5069094535753235,1532.7489791111002,168.12745832499994,0.10969014536385696,6629.498967424663,127.85057149224684,195.3616784861275,2280.3563706132904,5135.586678714507,0.4393978391970929,28.040805844462742
2.348896859963493,3.6889846591830904,0.0,4,2.3958238281189086,0.6793595938046142,-181.7295625678224,12.687770312376044,3446.0,0.9157587031623704,317.0,0.08424129683762956,133.0,0.03534414031357959,161.0,12.0,0.0031889449906989105,36.0,148.0,0.03933032155195323,221.0,24.0,0.006377889981397821,3157.5551018271553,7881.467632028817,91.30103814627932,854.9137884631598,946.2148266094391,10092.807907246533,85.17372399113545,85.17372399113545,43.64319157494197,44.75512002271119,51.232527447951945,59.72075684761263,51.81379365202172,72.88040152011595,56.80198993676132,26.306139860913888,2.0004933002526704,5.607564204585777,1482.8927655032094,0.30577459999999984,5.445310754542419,2.536139948507759,5.598904299464137,0.43032291511990983,2429.1075921126485,1639.7563818781614,4411.249261971082,118.0,450.0,708.3705007495399,43.48607796268009,4849.627030836473,267.1069902584161,135.61164601757525,0.5077053426657836,1532.7489791111002,42.07240903900001,0.027448988459545024,6649.483000205989,121.69206054203961,323.2791111648542,4263.31468825896,6333.615602862802,0.4989138836935704,27.616731730466928
5.0,0.0,0.5000000000189023,2,2.800972837933403,1.0,-443.8862057984678,61.11880991095246,2916.0,0.7749136327398353,847.0,0.22508636726016476,734.0,0.19505713526441668,744.0,5.0,0.0013287270794578793,15.0,98.0,0.026043050757374436,882.0,10.0,0.0026574541589157587,3157.5551018271553,4122.741287729116,75.0,186.0,261.0,7019.296389556272,205.50367345514368,205.50367345514368,5.29131893511978,5.29131893511978,9.248084834724995,9.371557262424929,3.1772310813697446,228.91851287786363,5.604167962037596,5.390586114495327,2.0111284651547097,3.1016997921996916,1188.5507631077705,0.3057746000000002,0.25,5.0,0.3484646194926569,0.4075962836446401,1449.5507631077705,2284.929591609164,4567.748532965655,1328.0,450.0,216.89052032331617,53.138177479212466,3887.0160016815325,730.2993040298882,1239.0478334462023,1.6966301715049876,1532.7489791111002,13.465730941,0.008785346540442189,6150.064284822521,129.27058792607468,198.07824942480806,2289.3958148144206,4869.151598265832,0.6550818107752391,29.9053429806138
