Iteration,Transit Fare ($),Micro distance based fare ($/mile),Micro start fare ($),Fleet size,Peak fare factor,Micro to fixed factor,Total subsidy ($),Total mob. Logsum increase with micro,car_users,car_mode_share (%),trsit_mode_users (W_M_F),transit_mode_share (%),pure_M_users,M_mode_share (%),M_trips,pure_F_users,F_mode_share (%),F_trips,pure_walk_users,W_mode_share (%),walk_users,M_pls_F_users,M_pls_F_mode_share (%),F_oper_cost ($),M_oper_cost ($),F_revenue ($),M_revenue ($),Total_T_revenue ($),sub_per_F_trip ($),sub_per_F_rider ($),sub_per_M_trip ($),sub_per_M_rider ($),sub_per_T_trip ($),sub_per_T_rider ($),sub_per_M_pax_mile ($/mi),sub_per_F_pax_mile ($/mi),sub_per_T_pax_mile ($/mi),sub_per_M_VMT ($/mi),sub_per_F_VMT ($/mi),sub_per_T_VMT ($/mi),tt_auto_gas_cost ($),auto_gas_cost_per_mile ($/mi),avg_M_fare,avg_F_fare,avg_T_fare,avg_auto_gas_cost,tt_o_pckt_cost ($),tt_gen_cost,tt_mode_switch,M_avg_wait_time (s),F_avg_wait_time (s),avg_walk_time (s),tt_walk_time (h),car_VMT (mi),M_VMT (mi),M_PMT (mi),M_PMT/M_VMT,F_VMT (mi),F_PMT (mi),F_PMT/F_VMT,tt_VMT (mi),tt_walk_dist (mi),wghted_acc_emp_5_min,wghted_acc_emp_10_min,wghted_acc_emp_15_min,M_util_rate (%),M_veh_occ,M_avg_speed (mph)
0,1.891811907,4.380499125,0.239399001,2,2.362009913,0.136368155,-6011.951897,1356.495613,3418,0.908317832,345,0.091682168,109,0.02896625,205,16,0.004251927,82,156,0.041456285,243,64,0.017007707,3157.555102,3996.139495,91.8396526,1049.903048,1141.7427,37.38677377,38.32144312,14.37188511,17.03026848,20.94756758,31.80926929,19.51140402,34.07126879,24.94790485,9.346857033,2.000141896,3.253290369,1460.808015,0.3057746,6.068803745,1.147995657,6.040966669,0.42738678,2602.550716,4500.337233,145,230.2412522,488.4146341,642.9606249,43.39984218,4777.401443,315.2114595,151.0007401,0.479045845,1532.748979,89.97949177,0.05870465,6625.361882,121.0216499,215.6070508,3221.478773,6055.309876,29.7028056,0.433341164,27.49173699
0,4.426056091,0.361386281,2.617808495,7,3.452966657,0.937834388,-16062.11565,2549.017724,3251,0.863938347,512,0.136061653,378,0.100451767,379,4,0.001062982,5,129,0.034281159,258,1,0.000265745,3157.555102,13901.30172,22.13027954,974.6108926,996.7411721,627.0849645,627.0849645,34.10736366,34.10736366,41.82842617,41.93763877,23.90517303,557.4435137,29.39769326,15.68887275,2.045621863,6.815543056,1374.270174,0.3057746,2.571532698,4.426055908,2.602457368,0.422722293,2371.011346,4616.86927,353,194.5619899,450,580.4923388,41.60195095,4494.389573,823.9400648,540.7486828,0.656296138,1532.748979,5.624650292,0.003669649,6851.078617,116.2948981,215.3950169,3544.473362,6228.964696,21.11190419,0.655994999,28.23195143
0,3.799686644,3.265658352,0.795610674,4,3.077404689,0.502889086,-10072.29932,1585.97883,3481,0.925059793,282,0.074940207,121,0.032155195,147,10,0.002657454,25,136,0.036141377,184,15,0.003986181,3157.555102,7871.042464,95.25563065,861.0426134,956.298244,122.4919788,122.4919788,47.68707381,51.54411655,58.55987978,68.98835152,53.50290021,91.38656736,61.21853405,30.09538014,1.997913235,5.704503268,1491.064192,0.3057746,6.331195686,3.810225226,6.549987973,0.428343634,2447.362436,4379.98203,116,180,450,783.728636,40.0572414,4876.350722,232.9261108,131.020932,0.562499977,1532.748979,33.50929529,0.02186222,6642.025812,112.0967554,388.9281477,4532.577547,6361.967108,11.29851597,0.543919032,27.1215123
0,2.273064248,1.679340685,1.604520162,5,1.236470979,0.321315359,-12001.71963,2193.525611,3273,0.869784746,490,0.130215254,331,0.087961733,342,10,0.002657454,19,140,0.037204358,279,9,0.002391709,3157.555102,9958.650337,36.68963181,1077.796175,1114.485807,164.2560774,164.2560774,25.96740983,26.1201593,33.24576075,34.29062752,21.36267048,128.4210604,27.27538509,12.98181713,2.036123013,5.413865643,1402.725906,0.3057746,3.169988749,1.931033253,3.184245162,0.428574979,2517.211713,4637.942925,290,205.0202629,450,552.8069055,42.84253518,4587.450711,684.0994659,415.7183519,0.607687,1532.748979,24.30181981,0.015855055,6804.299156,119.8428622,197.9995782,3127.39697,6137.77322,24.99532098,0.610829792,28.10091366
0,2.849952668,2.919489299,2.955037024,6,1.53506892,0.080887978,-13898.08311,1905.991968,3418,0.908317832,345,0.091682168,151,0.040127558,183,11,0.0029232,36,158,0.041987776,235,25,0.006643635,3157.555102,11792.24503,57.20921878,994.5078027,1051.717021,86.12071897,86.12071897,59.00402855,61.35077968,63.4615667,74.32130004,58.09799962,77.98447333,61.60230413,35.7017604,2.022735572,7.573096139,1466.591418,0.3057746,5.650612515,1.589144966,5.624155195,0.429078823,2518.308439,4453.010995,139,181.9317523,450,685.4188467,44.74261916,4796.315384,302.4427116,185.8538555,0.614509288,1532.748979,39.75593795,0.02593767,6631.507074,125.2083833,343.5700286,4470.450486,6359.038437,9.864886984,0.596913371,26.75196941
0,3.315577861,2.025338355,0.646311284,3,2.602565309,0.774566468,-8167.832828,1803.789425,3396,0.902471432,367,0.097528568,212,0.056338028,221,3,0.000797236,12,143,0.038001594,240,9,0.002391709,3157.555102,5986.020518,41.60762591,934.1351662,975.7427922,259.6622897,259.6622897,22.85920974,22.85920974,35.05507652,36.46353941,20.69607201,193.630123,31.39167863,11.32788679,2.032914403,4.127840994,1459.640862,0.3057746,4.226855956,3.467302159,4.355994608,0.429811797,2435.383654,4508.589096,211,264.8391459,450,631.1667016,42.0777801,4773.584406,445.9689126,244.0987521,0.54734477,1532.748979,16.09226616,0.010498957,6752.302298,117.0351536,220.2348912,3287.531603,6069.1388,27.10221382,0.536626179,28.06849455
0,4.942931499,4.101706715,2.011248705,6,3.728492504,0.714374556,-13975.32977,1281.03978,3507,0.931969174,256,0.068030826,87,0.023119851,101,7,0.001860218,18,151,0.040127558,191,11,0.0029232,3157.555102,11748.48813,99.56915684,831.1443043,930.7134611,169.8881081,169.8881081,108.0925131,111.4014676,117.4397459,133.0983787,116.087551,141.6991407,120.8678326,68.67227504,1.995098993,8.260986793,1502.995592,0.3057746,8.48106433,5.531619824,8.863937725,0.428570172,2433.709053,4334.571465,75,180,450,825.8140512,43.81402327,4915.370969,158.9774595,94.04405315,0.591555894,1532.748979,21.5808362,0.014079824,6607.097408,122.6097874,587.1470978,4976.502343,6387.055983,5.276021281,0.574079428,26.65556663
0,1.469669282,0.640350799,1.133022934,3,1.910973405,0.391077986,-8475.721976,2081.14463,3216,0.854637258,547,0.145362742,371,0.098591549,396,23,0.006112145,46,130,0.034546904,421,23,0.006112145,3157.555102,6083.437536,64.40320311,700.8674583,765.2706614,67.24243258,67.24243258,13.59234868,13.66134537,19.17584157,20.32547236,10.94125272,54.47642747,15.44602661,7.032647382,2.018042054,3.688114434,1367.012333,0.3057746,1.778851417,1.400069633,1.835181442,0.425066024,2132.282994,4758.208154,557,444.0509893,469.5652174,393.3233771,45.99698382,4470.653654,765.3689692,491.9519013,0.642764367,1532.748979,56.77963924,0.037044317,6768.771602,122.817927,197.6472242,2300.544716,5235.313831,46.20461856,0.594632483,28.06051277
0,1.053207919,3.591389195,2.131711037,3,3.394478437,0.269298057,-8064.497008,1355.220616,3445,0.915492958,318,0.084507042,93,0.024714324,138,52,0.013818762,92,137,0.036407122,247,36,0.009566835,3157.555102,5919.072189,90.09176525,922.0385181,1012.130283,33.34199279,34.85753792,36.21038892,38.73669513,35.06303047,44.55523209,47.60918925,32.66592496,40.55292554,22.06525206,2.001282257,4.584144752,1470.327515,0.3057746,7.147585412,1.02377006,5.591880019,0.42680044,2482.457798,4474.743512,103,183.1677589,450,641.0366591,43.98223744,4808.533852,226.4661948,104.9594364,0.463466243,1532.748979,93.904071,0.061265134,6567.749026,123.0805203,347.706794,4396.48429,6348.17085,14.66307119,0.430063403,26.93649541
0,4.518566292,1.35084901,1.487220939,6,2.23323777,0.586125867,-13998.23839,2238.403326,3335,0.886260962,428,0.113739038,285,0.075737444,289,2,0.000531491,6,137,0.036407122,247,4,0.001062982,3157.555102,11877.7633,27.11139679,1009.968617,1037.080014,521.7406175,521.7406175,37.60482589,37.60482589,47.45165555,48.10391198,30.74809854,466.1758446,38.86658875,18.64657898,2.04237207,6.616739583,1431.311299,0.3057746,3.494701097,4.518566132,3.563848845,0.4291788,2468.391313,4550.685483,245,193.4941124,450,579.4732672,39.75830472,4680.93589,582.8304856,353.446073,0.606430312,1532.748979,6.715156397,0.004381119,6796.515355,111.2119077,204.2437733,3710.9988,6283.919532,17.91762178,0.614936585,27.73000856
0,3.146156441,4.69930443,2.653487384,3,1.107310486,0.900953562,-7871.062096,1645.71584,3448,0.916290194,315,0.083709806,151,0.040127558,162,10,0.002657454,21,143,0.038001594,213,11,0.0029232,3157.555102,5952.444377,68.59221307,1170.345169,1238.937382,147.0934709,147.0934709,29.51913091,29.51913091,43.01126828,45.76198893,25.05180656,98.7133723,35.42640826,14.23738722,2.01530905,4.21220515,1469.796759,0.3057746,7.224352897,3.26629586,7.203124316,0.426275162,2708.734142,4451.964159,135,188.1977342,450,733.0325508,43.37109259,4806.798077,335.8832019,190.8883975,0.568317785,1532.748979,31.29224356,0.020415765,6675.430257,121.3702838,245.7199099,4128.249057,6332.506703,20.65544361,0.566788,27.53836366
0,2.672688022,0.045351475,0.484930423,6,3.018573863,0.204468451,-15013.17728,2831.429389,2852,0.757905926,911,0.242094074,808,0.214722296,812,4,0.001062982,8,95,0.025245815,846,4,0.001062982,3157.555102,12201.56031,19.80177685,326.1363532,345.93813,392.2191656,392.2191656,14.62490635,14.62490635,18.30875278,18.39850157,9.477253339,415.683738,11.90961201,7.221473117,2.047141031,4.72527215,1172.976855,0.3057746,0.401645755,2.475222106,0.423943787,0.411282207,1518.914985,4754.152813,1404,558.5548326,450,190.8728258,44.85511406,3836.083359,1644.460038,1253.0449,0.761979538,1532.748979,7.548414908,0.004924756,7013.292377,105.9597268,197.994933,2291.64583,5145.467801,48.41378279,0.716139079,28.6995385
0,2.18854893,3.805183917,1.097349051,7,2.75512902,0.447946624,-15895.82984,1567.700011,3457,0.918681903,306,0.081318097,99,0.026308796,130,28,0.007440872,51,157,0.04172203,218,22,0.005846399,3157.555102,13710.81476,108.6540464,863.8859774,972.5400238,59.78237364,60.97802111,98.82252912,106.1729652,87.82226432,106.6834218,109.7198124,52.5126782,90.75615003,64.43029753,1.989171806,9.176980351,1478.793006,0.3057746,7.139553533,2.173080928,6.527114254,0.427767719,2451.33303,4405.085821,87,180,450,751.0485442,45.48016184,4836.219249,199.3926658,117.0885049,0.587225736,1532.748979,58.06028487,0.037879839,6568.360894,127.2723333,478.7833707,4786.622751,6379.733764,5.782292393,0.570070669,25.847313
0,3.72307517,0.939605781,1.765723729,2,1.570427964,0.62622539,-6464.721451,1767.500776,3335,0.886260962,428,0.113739038,281,0.074674462,287,6,0.001594472,12,135,0.035875631,342,6,0.001594472,3157.555102,4072.05446,44.67690182,720.2112093,764.8881111,259.4065167,259.4065167,11.67889634,11.67889634,21.62114198,22.06389574,8.987689632,255.2579947,16.78572197,5.941794184,2.030911938,3.083045791,1422.754542,0.3057746,2.509446722,3.723075151,2.610539628,0.426613056,2187.642653,4632.717465,412,474.6881024,450,474.2526275,45.05399961,4652.952016,564.1129845,372.9371383,0.661103624,1532.748979,12.19502725,0.007956311,6749.81398,122.3523188,198.0891029,2298.313677,5117.165469,49.12833225,0.551682766,28.8205852
0,4.096453954,2.610548115,0.119125416,5,1.945989843,0.816298629,-11985.77003,2017.448578,3381,0.898485251,382,0.101514749,223,0.059261228,230,3,0.000797236,10,149,0.039596067,231,7,0.001860218,3157.555102,9881.458134,40.96454144,1012.27866,1053.243201,311.659056,311.659056,38.56164989,38.56164989,49.94070848,51.44107311,34.53667298,274.3950911,44.69588363,20.57765201,2.033333966,6.103482391,1455.976893,0.3057746,4.401211565,4.096454144,4.520357087,0.430634987,2509.220094,4455.381313,194,198.3871908,450,664.8705117,42.6625245,4761.601822,431.0102761,256.8046864,0.595820333,1532.748979,11.35804051,0.007410242,6725.361077,119.2811839,252.8445329,4121.590794,6326.831355,16.12183386,0.592226988,27.70962326
1,2.791195006,4.17E-17,0.563128378,4,2.949539617,0.210728706,-11082.31428,2473.358968,2894,0.769067234,869,0.230932766,750,0.199309062,763,8,0.002125963,21,98,0.026043051,863,13,0.00345469,3157.555102,8198.207739,58.61509323,214.8334664,273.4485596,147.5685718,147.5685718,10.46313797,10.46313797,14.13560495,14.37394848,6.47702591,164.5092378,8.855894631,6.114720823,2.021818348,3.904494375,1185.023892,0.3057746,0.281564176,2.791194916,0.354667392,0.40947612,1458.472451,4648.374388,1325,565.9881102,450,208.101313,49.88650919,3875.481782,1305.599144,1232.567907,0.944063048,1532.748979,18.83748324,0.012289999,6713.829906,119.0549603,197.7720685,2272.071311,4865.338864,56.14250282,0.700963025,29.2975202
1,2.806171278,2.583183084,1.284767533,2,1.786152705,0.399121926,-6173.838075,1655.648245,3411,0.906457614,352,0.093542386,188,0.049960138,202,14,0.003720436,25,139,0.036938613,247,11,0.0029232,3157.555102,4029.706614,65.6249818,947.798659,1013.423641,123.6772048,123.6772048,15.25697007,15.48697465,27.19752456,28.98515528,13.4245713,113.9007194,24.04910436,7.246985317,2.017244938,3.153108193,1457.676635,0.3057746,4.762807332,2.624999272,4.757857469,0.427345833,2471.100276,4516.478731,199,318.1122125,468,658.3395385,45.16940722,4767.160632,425.2675865,229.5721693,0.539829925,1532.748979,27.14583488,0.017710555,6725.177198,125.0711906,197.952604,2737.414819,5847.462779,38.45954513,0.51950283,27.85185369
2,2.978163343,0,0.977554213,7,3.044885186,0.370381924,-16916.58051,2910.831256,2804,0.745150146,959,0.254849854,838,0.222694659,842,5,0.001328727,9,112,0.029763487,800,4,0.001062982,3157.555102,14197.37919,26.80346918,411.5503191,438.3537883,347.8612925,347.8612925,16.37271838,16.37271838,19.87847298,19.97235007,10.16298759,362.6877278,12.39213578,7.68147175,2.042572969,5.083970455,1144.326848,0.3057746,0.488777101,2.978163242,0.51753694,0.408105153,1582.680636,4790.95324,1338,484.5707299,450,211.0438225,46.89862722,3742.386869,1794.685878,1356.474043,0.755828114,1532.748979,8.632085932,0.005631768,7069.821726,113.0698621,198.0039197,2304.309179,5217.435805,44.90406675,0.734897095,28.90901189
2,2.616301322,1.078230324,0.468981173,2,2.501398932,0.139121723,-6499.972267,1823.148751,3324,0.883337762,439,0.116662238,244,0.064841881,322,5,0.001328727,57,139,0.036938613,386,51,0.013553016,3157.555102,4059.112013,62.26587473,654.4289725,716.6948473,54.30331977,55.27302191,10.57354981,11.54129844,17.15032261,21.66657422,11.16937097,45.94019005,17.46367025,6.526398032,2.019436496,3.163884636,1420.999512,0.3057746,2.218403297,1.11189062,2.388982824,0.427496845,2137.694359,4617.827017,469,458.3319786,639.4736842,441.8001661,47.37079558,4647.212397,521.6787306,304.8231676,0.584312048,1532.748979,67.37650027,0.043957948,6701.640107,126.3503187,196.9686808,2299.876718,5295.605175,47.78209122,0.497510019,27.99395906
3,2.765256986,4.02E-16,1.75601861,2,2.841432117,0.43761593,-6770.921233,1948.077615,3139,0.83417486,624,0.16582514,483,0.128355036,496,11,0.0029232,24,117,0.031092214,636,13,0.00345469,3157.555102,4115.224919,66.36616516,435.4926224,501.8587875,128.799539,128.799539,7.418815114,7.418815114,13.02100237,13.35487423,4.617061588,145.8326124,8.275562693,5.21463015,2.016761374,3.024887317,1306.22643,0.3057746,0.878009319,2.765256882,0.989859541,0.416128203,1808.085218,4778.908463,920,470.9376882,450,286.0918191,50.54288805,4271.860482,705.6554714,796.9857508,1.129426162,1532.748979,21.19682892,0.013829289,6510.264933,129.8202191,198.2370048,2293.600708,4888.190037,58.3361182,0.637614945,30.03683519
3,2.379177803,2.928905437,0.599446782,2,2.579558624,0.295227074,-6106.103652,1544.101392,3394,0.901939942,369,0.098060058,158,0.041987776,212,17,0.004517672,56,156,0.041456285,256,38,0.010098326,3157.555102,4010.23807,106.9256333,954.7638868,1061.68952,54.47552622,55.46599034,14.41261407,15.589154,22.78396885,28.6671533,17.26696051,44.04810557,24.80021506,8.453700455,1.990299462,3.223604222,1458.54368,0.3057746,4.87124432,1.944102423,4.98445784,0.429741803,2520.2332,4536.432776,198,292.7047616,482.1428571,665.2471058,47.30646086,4769.996199,361.4362965,176.9549529,0.48958822,1532.748979,69.25676892,0.045184678,6664.181474,130.977762,198.1062174,3195.718757,6073.312189,34.02470709,0.464935641,27.48873102
4,2.308366872,2.948720631,1.150184112,2,2.368622004,0.058933442,-6142.475155,1522.277371,3428,0.910975286,335,0.089024714,141,0.037470104,213,12,0.003188945,66,129,0.034281159,238,53,0.014084507,3157.555102,4014.704175,64.79187551,964.9922462,1029.784122,46.86004888,47.58097271,14.31789638,15.72016458,22.01603998,29.81784056,16.99125599,39.89549036,23.89986654,8.10922652,2.017788476,3.217929734,1458.956482,0.3057746,4.974186836,0.996798085,4.998952047,0.425599907,2488.740604,4465.968947,181,289.0841616,504.5454545,609.600166,40.30134431,4771.346221,376.0792625,179.4871392,0.477258804,1532.748979,77.52162459,0.050576856,6680.174463,112.095604,196.6235564,3004.093175,6035.959477,34.79436461,0.442999347,27.78644916
4,2.791373962,1.09E-16,0.703260999,5,2.932464815,0.293460735,-13055.14518,2655.570992,2838,0.75418549,925,0.24581451,805,0.21392506,813,6,0.001594472,14,106,0.028169014,855,8,0.002125963,3157.555102,10222.54492,39.07923555,285.8756037,324.9548393,222.7482762,222.7482762,12.22222548,12.22222548,15.78614895,15.94034821,7.537433333,243.1895129,9.807546388,6.413536589,2.034563982,4.235827633,1158.592776,0.3057746,0.351630509,2.791373968,0.396770256,0.408242698,1483.547616,4715.385225,1382,558.7757672,450,208.3536026,49.48398063,3789.041916,1549.32761,1318.309414,0.850891319,1532.748979,12.82323333,0.008366167,6871.118506,120.0659098,198.4185031,2299.832382,5020.199244,53.69833189,0.703936521,29.08370344
5,1.089468961,0,0.5,2,3.359525167,2.69E-15,-7030.273341,2206.232346,2905,0.771990433,858,0.228009567,707,0.187882009,748,16,0.004251927,59,94,0.024980069,910,41,0.010895562,3157.555102,4119.639032,59.92079258,187,246.9207926,52.50227643,54.34446157,5.257538812,5.257538812,8.711615044,9.201928457,3.253546683,57.29542952,5.567263508,5.461028015,2.02096648,3.12057582,1182.437751,0.3057746,0.25,1.051241975,0.323194755,0.40703537,1429.358544,4581.366909,1306,442.6770803,465.2542373,205.3367654,51.90457124,3867.024113,720.1279724,1208.723714,1.678484604,1532.748979,54.06424797,0.035272735,6119.901064,123.9057512,198.0703112,2288.060122,4874.103745,60.63269003,0.642980469,29.95911457
5,2.92433362,0,0.5,7,3.455132057,0.30138446,-17121.61374,2935.323768,2716,0.72176455,1047,0.27823545,941,0.250066436,947,5,0.001328727,11,95,0.025245815,898,6,0.001594472,3157.555102,14232.97631,32.1676693,236.75,268.9176693,284.1261302,284.1261302,14.77954204,14.77954204,17.87224817,17.98488839,9.213994564,361.3899316,11.20769051,7.322508547,2.039073244,4.971220777,1104.639735,0.3057746,0.25,2.924333572,0.282476543,0.406715661,1373.557404,4624.769601,1504,509.2769822,490.9090909,171.49413,42.77825798,3612.594815,1911.397743,1519.018295,0.794715961,1532.748979,8.648241578,0.005642308,7056.741537,99.35510208,197.9652818,2284.282754,5068.631976,48.07543049,0.732328071,28.75000427
6,1.307777855,5.76E-15,0.5,2,3.492149201,0.002276,-7031.691804,2221.598525,2906,0.772256179,857,0.227743821,717,0.190539463,747,15,0.003986181,46,95,0.025245815,906,30,0.007972362,3157.555102,4117.13901,56.25230792,186.75,243.0023079,67.41962595,68.91783986,5.261564939,5.261564939,8.867202779,9.227942,3.300791423,69.32130429,5.691467839,5.520742906,2.023359882,3.132603002,1190.501539,0.3057746,0.25,1.250051287,0.318900667,0.409670179,1433.503847,4591.898,1312,463.3863543,518.4782609,213.2420658,53.6659199,3893.395785,711.9311797,1190.741403,1.672551276,1532.748979,44.73809063,0.029188139,6138.075944,129.4822922,198.0725386,2286.944464,4863.93877,60.40944435,0.649626977,29.67839109
6,2.336902303,6.59E-15,0.672800978,7,3.312896441,0.308323735,-17058.46705,2885.145936,2754,0.731862875,1009,0.268137125,905,0.240499601,907,6,0.001594472,8,96,0.02551156,855,2,0.000531491,3157.555102,14224.7224,18.69521904,305.1152345,323.8104536,392.3574853,392.3574853,15.34686567,15.34686567,18.64313338,18.68397267,9.514530282,409.3603632,11.59925555,7.387010142,2.047862974,4.992111255,1117.454575,0.3057746,0.336400479,2.33690238,0.354666433,0.405756926,1441.265029,4698.822273,1402,502.1575907,450,191.8102881,45.55494342,3654.504251,1884.335732,1462.984168,0.77639252,1532.748979,7.66771814,0.005002592,7071.588962,108.6266416,198.100635,2309.155022,5164.107983,47.35994881,0.732310341,28.73278532
7,3.369257136,2.41E-12,0.581729334,7,3.25898265,0.247520403,-17100.64711,3008.07844,2743,0.728939676,1020,0.271060324,914,0.24289131,916,2,0.000531491,4,102,0.027106032,871,2,0.000531491,3157.555102,14223.00108,13.47702885,266.4320434,279.9090723,786.0195182,786.0195182,15.23642908,15.23642908,18.5876599,18.62815589,9.345594299,905.6568369,11.42437339,7.42887528,2.051267439,5.012734176,1111.995359,0.3057746,0.290864676,3.369257212,0.304911843,0.405393861,1391.904432,4624.012301,1478,502.1590918,562.5,182.297204,44.10579574,3636.650524,1878.692064,1493.38486,0.794906674,1532.748979,3.471599777,0.00226495,7048.091568,103.7015198,197.9648184,2293.628165,5172.242602,47.26129042,0.743419713,28.75961343
7,1.844132693,3.037210348,0.692307004,2,2.398860274,0.187968211,-6024.67935,1513.771214,3386,0.899813978,377,0.100186022,153,0.040659049,236,22,0.005846399,82,145,0.038533085,272,57,0.015147489,3157.555102,4019.687389,102.8829249,1049.680216,1152.56314,37.25209972,38.66673642,12.58477616,14.1428913,18.94553255,25.96844548,15.62282494,33.91317449,21.50287015,7.56848484,1.992937016,3.129432643,1447.499706,0.3057746,4.998477217,1.302315505,4.967944571,0.427495483,2600.062846,4548.548444,201,274.5079525,488.4146341,608.8788659,46.00418098,4733.878176,392.4176683,190.1069226,0.484450467,1532.748979,90.07331879,0.058765864,6659.044824,127.5934527,196.3994176,3001.160864,6012.052385,36.89381503,0.452202923,27.50456589
8,3.987747707,0,0.707920537,7,3.249170318,0.095665412,-17029.23247,3054.429405,2754,0.731862875,1009,0.268137125,896,0.238107893,897,5,0.001328727,6,107,0.02843476,847,1,0.000265745,3157.555102,14213.10622,23.92648602,317.5023673,341.4288533,522.271436,522.271436,15.49119716,15.49119716,18.85850772,18.87941515,9.590913807,637.0752869,11.71401314,7.526393834,2.044449977,5.039727175,1123.861429,0.3057746,0.353960276,3.987747669,0.378524228,0.408083308,1465.290283,4725.904008,1403,509.7130283,450,189.2021813,44.51506877,3675.457116,1846.249899,1448.830021,0.784742099,1532.748979,4.918772836,0.003209118,7054.455994,106.8266705,198.1406598,2326.550339,5276.953913,46.47532335,0.743631406,28.83854804
8,1.888760509,3.261817358,0.696577417,2,2.373634001,0.192199217,-6081.668877,1478.586772,3417,0.908052086,346,0.091947914,134,0.035609886,203,25,0.006643635,73,140,0.037204358,245,47,0.012490035,3157.555102,4004.701755,100.6723544,979.9156257,1080.58798,41.87510613,42.45670483,14.90042428,16.71152558,22.03503216,29.52266445,17.47885252,34.5944815,23.2642128,8.811311427,1.994379242,3.241770006,1453.822017,0.3057746,5.413898484,1.398227144,5.245572719,0.425467374,2534.409997,4499.733642,179,284.3027346,486.9863014,676.8210141,46.06143013,4754.554555,343.2844423,173.054045,0.504112694,1532.748979,88.3633058,0.057650213,6630.587977,128.2055285,196.6178226,2927.135618,6035.902968,32.62805432,0.487294153,27.11253502
9,1.288106885,2.92781501,0,2,2.911587498,0,-6200.420572,1510.843095,3359,0.892638852,404,0.107361148,129,0.034281159,275,36,0.009566835,137,144,0.03826734,321,95,0.025245815,3157.555102,4012.950607,78.57452202,891.510615,970.085137,22.4743108,23.50366855,11.35069088,13.93499997,15.0495645,23.84777143,18.59154862,20.28924334,19.39753188,8.428809899,2.008796366,3.258099688,1432.380903,0.3057746,3.979958103,0.599805512,3.731096681,0.426430754,2402.46604,4599.603347,247,323.6779627,587.9562044,530.9725731,47.34505444,4684.433904,370.3298603,167.8956421,0.453367822,1532.748979,151.7543325,0.099007949,6587.512743,129.6006344,195.4730875,2902.219269,5929.176992,35.19811552,0.392451946,27.4927421
9,1.50629437,1.848344033,0.951424562,2,2.727789358,0.190593761,-6219.459941,1661.726797,3398,0.903002923,365,0.096997077,177,0.047036939,243,21,0.005580654,72,117,0.031092214,263,50,0.013287271,3157.555102,4040.661666,77.69344114,901.0633855,978.7568266,42.7758564,43.37833325,12.92015753,13.83082943,19.74431727,25.0784675,14.1321008,36.24539977,20.25003812,6.807664829,2.009371203,3.119189273,1444.693291,0.3057746,3.969442227,1.094273819,3.946600107,0.425159885,2423.450117,4535.111144,237,339.7438351,493.75,537.5349267,39.2699127,4724.700125,461.1857897,222.1607619,0.481716408,1532.748979,84.97248425,0.055437965,6718.634893,108.6722826,196.5398602,2539.087571,5795.607395,42.13577077,0.457939364,28.02112569
10,1.996306322,2.903185771,2.01E-10,2,1.875845074,0.097722635,-6187.805631,1562.460228,3377,0.897422269,386,0.102577731,167,0.044379484,314,11,0.0029232,107,117,0.031092214,299,91,0.024182833,3157.555102,4036.967481,88.32603526,918.3909174,1006.716953,28.6843838,30.09048104,9.931772497,12.08750606,14.69787561,23.00299491,13.65642101,26.82426462,18.05184896,6.944464786,2.002434259,3.122280144,1435.413974,0.3057746,3.559654719,0.865941522,3.742442203,0.425055959,2442.130926,4576.574349,298,355.4180229,635.046729,451.2533332,37.47909628,4694.353206,449.0737098,228.3597263,0.508512793,1532.748979,114.4198773,0.074650108,6676.175895,101.985907,196.2508767,2424.450524,5494.749063,42.32432074,0.446402951,27.4679497
10,4.149407903,1.22E-09,0.5,7,3.113776107,0.091787181,-17135.27668,2985.994049,2700,0.717512623,1063,0.282487377,962,0.25564709,963,2,0.000531491,3,98,0.026043051,889,1,0.000265745,3157.555102,14230.9198,12.44822359,240.7500045,253.1982281,1048.368959,1048.368959,14.52769449,14.52769449,17.73838165,17.7567634,8.970059373,1122.795131,10.96690694,7.345251045,2.051938655,4.984946875,1093.843728,0.3057746,0.250000005,4.149407864,0.262381584,0.405127307,1347.041957,4614.931498,1521,500.5046496,600,180.9801129,44.69203343,3577.287742,1904.655091,1559.651861,0.818863147,1532.748979,2.801140468,0.001827527,7014.691812,105.0089704,197.9835481,2284.788437,5095.096557,48.35942978,0.757166099,28.62614457
11,3.636402755,6.23E-14,1.127850216,7,3.503687052,0.078656228,-16832.0658,2970.436284,2852,0.757905926,911,0.242094074,790,0.209938879,792,9,0.002391709,13,110,0.029231996,768,2,0.000531491,3157.555102,14168.4126,47.27323699,446.6286693,493.9019063,239.2524511,282.7528968,17.32548476,17.32548476,20.90939851,21.01381498,10.71855519,270.9638394,13.03126043,8.072998398,2.029218031,5.207196119,1167.029592,0.3057746,0.563925087,4.297566999,0.616606625,0.409196912,1660.931498,4807.82897,1258,488.9525117,519.2307692,207.8133441,44.33351342,3816.633534,1699.713447,1280.189698,0.75317972,1532.748979,11.47858648,0.007488889,7049.095959,108.5008563,197.9999962,2312.712195,5420.559859,42.99307577,0.739717833,28.59302676
11,2.978777933,4.88E-13,1.060239587,3,4,3.47E-13,-8914.288027,2231.425981,3012,0.800425193,751,0.199574807,618,0.164230667,631,9,0.002391709,22,111,0.029497741,730,13,0.00345469,3157.555102,6153.79284,62.55433559,334.5055791,397.0599147,140.681853,140.681853,9.222325295,9.222325295,13.65128335,13.92857504,5.754543083,174.9656616,8.663563148,5.842410945,2.019248297,3.525118427,1246.068133,0.3057746,0.530119777,2.843378891,0.620406117,0.413701239,1643.128048,4750.867426,1100,497.1246456,572.7272727,258.7293042,52.46455336,4075.119821,996.0420991,1011.250968,1.015269303,1532.748979,17.68918963,0.011540826,6603.9109,131.3164985,198.1195784,2286.778517,4882.369207,56.81181933,0.670700741,29.38508704
12,2.021546084,2.272723158,0.72967279,2,2.241681748,0.19601519,-6218.848672,1646.347488,3383,0.899016742,380,0.100983258,178,0.047302684,245,13,0.00345469,59,144,0.03826734,280,45,0.011958544,3157.555102,4036.011181,78.71294716,896.0046633,974.7176104,52.18376533,53.08348543,12.81635313,14.08074671,20.45673905,26.3510537,14.01563799,43.94020912,21.14500675,7.041347507,2.008706055,3.14291639,1445.595041,0.3057746,4.017958131,1.357119779,4.130159366,0.42731157,2420.312651,4543.666415,254,351.4549252,541.5254237,574.0951081,44.65184174,4727.649193,445.9382972,224.0359318,0.502392222,1532.748979,70.06890081,0.045714531,6706.336469,123.2765322,197.0691115,2625.326823,5802.686924,40.79854409,0.470173059,27.9148166
12,1.993086996,2.338765101,0.697154737,2,2.278904505,0.186018502,-6163.202494,1609.226761,3386,0.899813978,377,0.100186022,166,0.044113739,240,18,0.004783417,67,144,0.03826734,289,49,0.013021525,3157.555102,4027.43511,90.98294467,930.8047731,1021.787718,45.76973369,45.76973369,12.9026264,14.4029318,20.07557816,26.45151285,14.40013993,38.90955343,20.97365237,7.411397473,2.000700832,3.159694661,1443.880055,0.3057746,4.329324526,1.357954398,4.385355012,0.426426478,2465.667772,4555.987162,247,359.3555931,523.880597,605.0289,48.57037558,4722.040531,417.820033,215.0416838,0.514675379,1532.748979,78.81283353,0.05141927,6672.609543,133.7312595,196.7846775,2616.388466,5803.370116,38.18220137,0.473033254,27.9588186
13,3.769421813,2.129584803,1.95622581,2,2.156465398,0.458726687,-6082.607131,1695.393789,3401,0.903800159,362,0.096199841,195,0.051820356,205,6,0.001594472,14,153,0.040659049,247,8,0.002125963,3157.555102,4039.050474,51.52729283,1062.471153,1113.998445,221.8591292,221.8591292,14.51989913,14.66295232,27.77446178,29.1033834,12.16565297,193.274901,23.32813442,6.528972278,2.026442589,3.058658125,1461.914071,0.3057746,5.233848043,3.680520916,5.330136103,0.429848301,2575.912516,4468.212458,221,316.7596664,482.1428571,598.7124891,41.07832912,4781.018668,455.903195,244.6707405,0.536672573,1532.748979,16.07051817,0.010484768,6769.670842,113.8698353,197.8481089,2847.75803,6039.675294,41.07940526,0.537940972,27.88151845
13,2.111824989,2.986484468,0.318897531,2,2.602369766,0.061826442,-6071.905634,1423.714742,3371,0.895827797,392,0.104172203,150,0.039861812,248,17,0.004517672,86,158,0.041987776,291,67,0.017804943,3157.555102,4019.26473,81.67959505,1023.234602,1104.914197,35.76599426,36.61756556,12.08076664,13.80659045,18.17935819,25.94831468,15.8383652,33.39546727,21.58766075,7.661856045,2.006770547,3.156235567,1446.952125,0.3057746,4.71536683,0.972376132,4.721855544,0.429235279,2551.866323,4580.326556,237,323.7454531,586.0465116,569.3246931,46.02041269,4732.087379,391.0319001,189.162839,0.48375296,1532.748979,92.10458059,0.060091105,6655.868258,126.8626186,195.6880582,2621.865149,5708.327581,36.47701503,0.434719706,27.79722369
14,1.757924115,5,8.42E-16,2,1.489928205,0.163001514,-6042.972357,1419.263805,3398,0.903002923,365,0.096997077,127,0.033749668,252,16,0.004251927,102,141,0.037470104,267,81,0.021525379,3157.555102,4008.008714,103.4787823,1019.112678,1122.59146,29.9419247,31.48532288,11.86069856,14.36969249,17.07054338,26.97755516,17.35116907,28.49426308,21.62520141,8.440182775,1.992548265,3.202633686,1448.30009,0.3057746,4.89958018,1.06679157,5.011569017,0.426221333,2570.891549,4547.217583,202,282.9873771,511.7647059,607.3986613,45.04873404,4736.495738,354.1269326,172.2590578,0.486433089,1532.748979,107.1821479,0.06992805,6623.37165,125.1340807,195.47844,2770.316742,5908.765913,33.56581428,0.431531902,27.53368045
14,4.123504314,2.595925336,1.906700108,2,1.606710165,0.660247105,-6132.849264,1655.737973,3410,0.906191868,353,0.093808132,182,0.048365666,188,4,0.001062982,10,161,0.042785012,270,6,0.001594472,3157.555102,4031.61132,42.55660068,1013.760556,1056.317157,311.4998501,311.4998501,16.05239768,16.05239768,30.97398618,31.94192325,12.85831865,232.4002456,24.71887924,6.993657422,2.032295271,3.122216291,1460.401156,0.3057746,5.392343385,4.255660068,5.50165186,0.428270134,2516.718313,4508.094444,219,347.261649,450,623.4460788,46.75845591,4776.070858,431.5125236,234.7002625,0.543901393,1532.748979,13.40359384,0.008744807,6740.332361,128.8313018,198.2339458,2736.59431,5964.14161,38.57418933,0.542913065,27.94659661
15,1.644710897,2.679959443,0.68141891,2,2.650820539,0.182318188,-6101.652667,1446.941955,3388,0.900345469,375,0.099654531,153,0.040659049,233,30,0.007972362,93,133,0.03534414,273,59,0.01567898,3157.555102,4021.646153,112.203523,965.3450645,1077.548588,32.7457159,34.21743347,13.11717205,14.41651457,18.71672597,25.21344077,16.67627311,28.85481868,21.1266614,7.662978302,1.986856048,3.158877597,1441.408696,0.3057746,4.553514455,1.260713742,4.452680114,0.425445306,2518.957283,4556.402098,200,289.2774246,503.2258065,595.378067,45.14950342,4713.958242,398.8398463,183.2724295,0.45951384,1532.748979,105.5404857,0.068856993,6645.547067,125.326473,196.1743053,2520.32132,5755.340274,36.96074354,0.433627827,27.84321396
15,3.425197843,2.130611148,1.750901245,2,2.252865415,0.52258223,-6208.36604,1581.095198,3430,0.911506777,333,0.088493223,167,0.044379484,179,8,0.002125963,19,147,0.039064576,241,11,0.0029232,3157.555102,4012.877778,65.85224511,896.2145946,962.0668397,162.721203,162.721203,17.41152616,17.50934372,31.35538404,33.37831204,15.13982059,126.0798445,26.94832033,8.421341129,2.017096667,3.262684128,1468.853061,0.3057746,5.034913453,3.465907637,5.172402364,0.428237044,2430.9199,4466.931392,193,339.8964363,450,638.7928642,42.76363341,4803.711821,370.091074,205.8586602,0.556237842,1532.748979,24.52178514,0.015998566,6706.551874,117.9972434,197.5972608,2631.818938,5838.234291,33.38691515,0.532914742,28.01798775
16,4.66291252,1.548874997,3,2,1.804301121,0.302699455,-6236.077806,1752.978128,3399,0.903268669,364,0.096731331,200,0.053149083,204,7,0.001860218,11,153,0.040659049,267,4,0.001062982,3157.555102,4037.900484,51.29203606,908.0857444,959.3777805,282.3875514,282.3875514,15.34222912,15.34222912,29.00501305,29.55487112,11.90726553,271.7168917,22.73607922,6.92233607,2.026596075,3.141788128,1453.924021,0.3057746,4.451400708,4.662912369,4.546814125,0.427750521,2413.301801,4510.433395,250,367.1675088,450,613.9210791,45.53248003,4754.888146,452.132735,262.8491597,0.581353968,1532.748979,11.43198366,0.007458484,6739.76986,125.6790903,198.205599,2521.545038,5798.779732,40.19500343,0.562164339,28.21080484
16,4.964479791,1.908020718,2.080789514,2,1.885335547,0.332945296,-6278.367455,1824.938554,3429,0.911241031,334,0.088758969,191,0.050757374,193,3,0.000797236,5,138,0.036672867,223,2,0.000531491,3157.555102,4030.196024,24.82239962,884.5612709,909.3836705,626.5465404,626.5465404,16.29862566,16.29862566,31.70892654,32.03248702,13.62532334,506.2910361,26.48492166,7.369031493,2.043865463,3.203867917,1469.877082,0.3057746,4.58321902,4.964479923,4.639712605,0.428660566,2379.260753,4456.80773,218,335.734337,450,659.9340739,40.87924958,4807.060764,426.8722092,230.8667967,0.540833514,1532.748979,6.187612418,0.004036938,6766.681952,113.2534754,197.9681004,2882.337068,6020.531382,38.0952828,0.530251124,28.24959793
17,3.701326812,2.180437813,2.669378814,2,1.77534893,0.42599841,-6184.372284,1669.978373,3412,0.906723359,351,0.093276641,180,0.047834175,188,4,0.001062982,11,160,0.042519267,252,7,0.001860218,3157.555102,4027.678128,38.52336303,962.3375828,1000.860946,283.5483399,283.5483399,16.3050029,16.39219543,31.07724766,32.37891248,13.64282622,264.1336859,26.15026329,7.322545239,2.034926646,3.169253203,1466.328903,0.3057746,5.146190282,3.502123911,5.240109664,0.429756419,2467.189848,4494.607669,207,345.1923268,490.9090909,639.6459654,44.77521758,4795.456858,418.6168122,224.6851565,0.536732281,1532.748979,11.80853448,0.007704154,6746.822649,123.6761453,197.9607508,2716.209083,5961.561406,37.40543988,0.536686664,28.16513329
17,2.594026184,1.068087276,2.14024316,2,2.826836802,1.39E-17,-6334.701691,1774.832864,3375,0.896890779,388,0.103109221,200,0.053149083,239,8,0.002125963,40,149,0.039596067,307,31,0.008238108,3157.555102,4049.61321,41.50441742,830.9622035,872.466621,77.90126711,79.8987355,13.46715902,13.93355414,22.70502398,26.505028,11.682849,57.9029296,19.2358599,6.561509876,2.032981739,3.13090075,1436.407042,0.3057746,3.597238976,1.064215831,3.650487954,0.425602086,2308.873663,4551.426695,300,406.095339,585,544.7266681,46.45307975,4697.600918,490.5351158,275.5022346,0.561636111,1532.748979,53.8150782,0.035110171,6720.885013,127.166393,197.6740928,2475.024931,5631.642322,43.16496523,0.51320072,28.68204288
18,4.276206225,1.238107507,2.562296157,2,2.292278721,0.409518542,-6225.908004,1745.901086,3387,0.900079724,376,0.099920276,218,0.057932501,224,6,0.001594472,12,146,0.038798831,260,6,0.001594472,3157.555102,4056.541079,49.76680274,938.4213742,988.1881769,258.9823583,258.9823583,13.92017726,13.92017726,26.38096612,27.06916524,10.6975844,227.9523267,20.40529588,6.075252026,2.027591172,3.042968139,1446.182433,0.3057746,4.189381135,4.147233562,4.296470335,0.426980346,2434.37061,4521.350717,240,361.8171867,450,604.1439222,43.63261661,4729.570191,513.2494408,291.4788599,0.567908773,1532.748979,13.63350111,0.008894804,6775.568611,119.7086644,198.3059132,2454.750806,5656.957764,45.30197653,0.537522177,28.22127315
18,2.856849531,4.525230856,4.38E-15,2,1.847280097,0.411688494,-6102.061527,1485.284736,3445,0.915492958,318,0.084507042,128,0.034015413,190,13,0.00345469,52,139,0.036938613,221,38,0.010098326,3157.555102,3996.887632,134.4277826,917.9534246,1052.381207,58.13706383,59.27700626,16.20491688,18.54779643,25.21513028,34.0897292,20.29353661,47.62339168,28.35532752,9.692412885,1.97235644,3.297674835,1471.020429,0.3057746,5.529839908,2.635838875,5.879224622,0.427001576,2523.401636,4484.505038,146,220.6344847,450,716.5190273,43.98630696,4810.799944,317.6643674,151.7199425,0.477610831,1532.748979,63.47988273,0.041415707,6661.213291,122.6776326,226.7357072,3517.697133,6125.558704,29.40511202,0.446744632,27.89109766
19,1.511358668,4.695847373,0,2,2.072441791,0.139060918,-6100.091333,1406.61757,3407,0.905394632,356,0.094605368,110,0.029231996,232,22,0.005846399,107,142,0.037735849,253,82,0.021791124,3157.555102,3991.168259,94.07233089,954.5596961,1048.632027,28.6306801,29.45656511,13.08883001,15.8156696,17.99436971,28.50509969,21.22022726,26.32992327,23.5116644,10.1588604,1.998685246,3.33035989,1452.585023,0.3057746,4.971665084,0.904541643,4.900149659,0.426353103,2501.21705,4534.192926,165,242.2548422,492.0560748,625.4632768,43.95616917,4750.509109,298.912323,143.0997192,0.47873476,1532.748979,116.3498556,0.07590927,6582.170411,122.5630601,218.0814631,3429.960185,6107.271388,29.44205924,0.423676847,27.07411201
19,2.102276297,0,0.499999671,3,3.633741462,0.055214772,-9076.344781,2304.029329,2878,0.764815307,885,0.235184693,765,0.203295243,780,11,0.0029232,26,94,0.024980069,908,15,0.003986181,3157.555102,6166.578613,52.78906154,194.9998721,247.7889337,119.4140785,119.4140785,7.655870181,7.655870181,11.26097367,11.47451932,4.721889589,125.9804887,7.039727013,5.753172956,2.025619382,3.530674005,1175.920465,0.3057746,0.249999836,2.030348521,0.313260346,0.40858946,1423.709398,4604.295021,1361,483.7799516,484.6153846,205.0635136,51.7215751,3845.710091,1037.962666,1264.658698,1.218404803,1532.748979,24.6448166,0.016078834,6416.421736,124.978634,198.0745883,2286.385911,4876.171078,58.8451339,0.693151585,29.63336031
20,3.055750974,5,0.294391582,2,1.833587695,0.026236014,-6180.864661,1451.829989,3427,0.91070954,336,0.08929046,97,0.025777305,217,7,0.001860218,85,159,0.042253521,244,73,0.019399415,3157.555102,3986.512591,59.95557805,903.2474534,963.2030314,36.44234734,38.71999405,14.2085951,18.13685375,20.46643927,34.92013933,23.62361278,31.42341452,26.97978915,10.87004632,2.020943785,3.40281628,1463.073175,0.3057746,5.313220314,0.749444726,5.441825036,0.42692535,2426.276206,4481.472727,164,254.4033054,497.6470588,663.6640124,44.98167195,4784.809381,283.647838,130.5162409,0.460134799,1532.748979,98.57615955,0.06431331,6601.206199,125.3778939,207.3846353,3496.722161,6176.965052,27.229617,0.390452365,27.52913821
20,2.057578267,2.80E-13,0.5,3,3.671427506,0.0566553,-9082.217985,2315.470192,2882,0.765878289,881,0.234121711,760,0.201966516,774,11,0.0029232,25,96,0.02551156,906,14,0.003720436,3157.555102,6169.602341,51.43945813,193.5,244.9394581,124.2446257,124.2446257,7.721062456,7.721062456,11.36698121,11.56970444,4.710601318,129.9539885,7.026582614,5.703059646,2.026499894,3.519386273,1175.328155,0.3057746,0.25,2.057578325,0.312024787,0.407816848,1420.267613,4606.659416,1342,496.1827114,522,200.0357986,50.34234264,3843.77301,1047.876528,1268.649571,1.210686123,1532.748979,23.90165689,0.01559398,6424.398517,119.9175348,198.0637289,2286.321424,4875.276692,59.23772424,0.688166954,29.69793203
21,1.64337448,1.140695105,0.98540772,2,3.083278979,0,-6372.210749,1756.458021,3323,0.883072017,440,0.116927983,207,0.055009301,300,19,0.005049163,92,146,0.038798831,353,68,0.018070688,3157.555102,4056.554719,59.16147995,782.737592,841.8990719,33.67819154,35.61371979,10.91272376,11.90478955,16.25563967,21.67418622,11.80813058,29.36863303,16.64844133,6.378052532,2.021461873,3.114406838,1418.066516,0.3057746,2.846318516,0.680017011,2.863602285,0.426742858,2259.965588,4612.05456,364,391.2009168,557.6086957,449.8900204,44.11421589,4637.620377,513.2941616,277.2510945,0.540140752,1532.748979,105.5000966,0.068830642,6683.663517,119.4552891,196.6273573,2416.814058,5476.700055,46.48785429,0.481034308,28.36270564
21,1.639312089,1.292314235,0.931115645,2,3.06785821,3.49E-11,-6363.076305,1651.381626,3347,0.889449907,416,0.110550093,190,0.050491629,275,26,0.006909381,93,137,0.036407122,338,63,0.016741961,3157.555102,4037.515204,68.85111023,763.1428912,831.9940015,33.21187088,34.70453923,11.90680841,12.94218306,17.29096822,22.80672511,13.23162035,29.63989824,18.09371176,7.262350091,2.01514014,3.207812541,1426.093955,0.3057746,3.016375064,0.77360798,2.982057353,0.426081253,2258.087957,4619.189554,314,412.0499874,590.3225806,479.0723588,44.97957146,4663.873178,450.8695218,247.4657092,0.548863246,1532.748979,104.2076449,0.067987418,6647.491678,122.4789716,196.746333,2343.770006,5300.69386,42.01197791,0.475767024,27.60580676
22,2.016657153,0.592745751,1.186802236,2,2.907898334,0.131482055,-6552.090674,1843.177189,3300,0.876959872,463,0.123040128,277,0.07361148,311,12,0.003188945,43,145,0.038533085,422,29,0.007706617,3157.555102,4072.902612,54.01658468,624.3504545,678.3670392,72.17531435,75.69606139,11.08859215,11.26977829,18.50873072,20.60405872,9.387309013,60.09845787,15.63729375,6.083241873,2.024818519,3.120573991,1407.932296,0.3057746,2.040360963,1.317477675,2.133229683,0.42664615,2086.299336,4650.412846,482,490.6658292,544.1860465,412.4595896,48.34942967,4604.4776,566.8938091,367.3632297,0.648028297,1532.748979,51.64090107,0.033691688,6704.120388,128.9073828,197.9265098,2326.366656,5187.830296,50.24483696,0.557191839,28.58164889
22,2.077399275,0.864471468,1.298164718,2,2.8770356,0.154432305,-6486.400078,1813.025928,3351,0.890512889,412,0.109487111,239,0.063513154,274,8,0.002125963,35,138,0.036672867,321,27,0.007175126,3157.555102,4053.783868,48.30098392,676.6379078,724.9388917,88.83583194,88.83583194,12.32535022,12.69603744,20.99158601,23.67299298,11.17776629,68.69849539,18.6718054,6.697903577,2.028547505,3.184355722,1433.097995,0.3057746,2.543751533,1.380028112,2.645762379,0.427662786,2158.036887,4584.770174,352,432.913246,514.2857143,480.0620889,42.80553626,4686.779069,504.2094024,302.1306649,0.599216642,1532.748979,45.2594209,0.029528267,6723.73745,115.8954145,197.3640546,2414.327477,5372.76053,45.72162109,0.531027996,28.12144543
23,3.986576037,2.21992865,1.910099364,2,2.059334979,0.314663186,-6117.922628,1593.172479,3407,0.905394632,356,0.094605368,184,0.048897157,198,6,0.001594472,18,154,0.040924794,260,12,0.003188945,3157.555102,4029.048934,58.45890085,1010.222507,1068.681408,172.1720112,172.1720112,15.24659812,15.40217565,28.32371587,30.28674569,13.23188871,146.6096422,24.54175923,7.134828849,2.021920251,3.127995807,1459.530269,0.3057746,5.154196464,3.247716714,5.290502019,0.428391626,2528.211677,4502.884634,229,358.1834748,450,640.4529479,46.25493513,4773.222724,423.1112605,228.1478096,0.539214696,1532.748979,21.13842005,0.013791182,6729.082964,128.0064374,197.7063877,2520.282135,5838.251752,38.81965417,0.537132846,27.50434399
23,4.097653102,0,0.5,2,2.823418463,2.99E-13,-7012.229476,2270.736287,2935,0.779962796,828,0.220037204,718,0.190805209,733,8,0.002125963,24,87,0.023119851,879,15,0.003986181,3157.555102,4119.877432,81.95305824,183.25,265.2030582,128.1500851,133.721828,5.370569485,5.370569485,9.263182927,9.463197673,3.283805076,141.210294,5.744993722,5.460639388,2.006592133,3.111487027,1194.656117,0.3057746,0.25,3.563176445,0.357898864,0.407037859,1459.859175,4577.91003,1355,470.3250145,506.25,218.2937485,53.30005693,3906.982845,720.9096138,1198.800581,1.662899978,1532.748979,21.78029629,0.014209956,6160.641438,128.691348,197.9632028,2281.435385,4856.388274,60.210815,0.692442108,30.18312601
24,4.3641121,1.906716401,2.258658537,2,2.012125366,0.514975243,-6188.112375,1629.160112,3408,0.905660377,355,0.094339623,190,0.050491629,193,7,0.001860218,11,155,0.041190539,262,3,0.000797236,3157.555102,4040.402824,48.0052309,961.8403203,1009.845551,282.6863519,310.9549871,15.95110106,15.95110106,30.33388419,30.94056187,12.81533747,201.6008128,24.20548863,6.687625915,2.028740461,3.104789278,1459.996344,0.3057746,4.983628602,4.80052309,5.049227756,0.428402683,2469.841896,4501.052811,207,345.9218309,450,613.7486423,44.6672623,4774.746969,460.3371275,240.2248487,0.521845479,1532.748979,15.42429233,0.010063156,6767.833075,123.5201432,198.181786,2515.658264,5748.931418,39.9030945,0.505547671,28.66033643
24,1.776973573,2.846090294,1.89E-13,2,2.390953572,0.15175814,-6201.660455,1614.663489,3396,0.902471432,367,0.097528568,150,0.039861812,246,23,0.006112145,91,132,0.035078395,267,62,0.016476216,3157.555102,4020.753239,104.7734706,871.874416,976.6478865,33.54705089,35.91507801,12.80032042,14.853202,18.40255328,26.39004449,16.89784771,28.6052327,21.16109233,7.953476415,1.991703582,3.215526049,1448.046696,0.3057746,4.11261517,1.232629065,4.155948453,0.426397732,2424.694583,4541.178882,234,318.792157,573.6263736,574.5741662,42.61425066,4735.667045,395.9122601,186.3479229,0.470679849,1532.748979,106.7210906,0.069627246,6664.328284,117.156788,200.8016275,3001.458776,5939.543391,36.59369121,0.426707676,27.96654457
25,4.144094566,2.42E-11,0.877117842,7,3.357984714,0.169913165,-16961.31763,2961.713474,2790,0.74142971,973,0.25857029,854,0.226946585,856,2,0.000531491,4,115,0.030560723,829,2,0.000531491,3157.555102,14195.74533,16.57637787,375.4064239,391.9828018,785.244681,785.244681,16.14525573,16.14525573,19.72246236,19.76843546,9.993768346,896.2618488,12.23407042,7.723755299,2.049245354,5.105635095,1139.422011,0.3057746,0.438558906,4.144094467,0.456856412,0.408394986,1531.404813,4769.069484,1344,479.8615346,450,208.1714618,47.93726161,3726.346175,1789.328943,1382.895663,0.772857148,1532.748979,3.50453244,0.002286436,7048.424097,117.59843,197.9598005,2332.587242,5286.879173,44.84580121,0.739146294,28.85660107
25,4.130932031,0,2.890241628,2,1.691858448,0.096932084,-6639.764547,1941.703582,3224,0.856763221,539,0.143236779,378,0.100451767,386,8,0.002125963,16,145,0.038533085,491,8,0.002125963,3157.555102,4106.120988,66.09490967,557.8166332,623.9115429,193.216262,193.216262,9.19249833,9.19249833,16.51682723,16.85219428,5.830992872,208.6397908,10.65187865,5.250473698,2.016938347,3.006383381,1360.950813,0.3057746,1.445120811,4.130931854,1.583531835,0.422131145,1984.862356,4752.586794,679,486.6769158,450,350.4385779,47.79592827,4450.830163,675.8065194,608.5249002,0.900442483,1532.748979,14.81721287,0.009667084,6659.385661,125.4610049,198.2278883,2292.279915,4961.215172,57.72820683,0.623701825,29.25416625
26,3.417761209,2.15E-11,0.727086956,7,3.226215807,0.102444098,-17020.62839,2949.59464,2775,0.737443529,988,0.262556471,886,0.235450438,889,3,0.000797236,6,96,0.02551156,819,3,0.000797236,3157.555102,14206.77001,20.50656796,323.1901544,343.6967223,522.8414223,522.8414223,15.6170752,15.6170752,19.01746189,19.08142196,9.693796954,517.1148005,11.8340223,7.605459654,2.046681209,5.06834155,1126.775054,0.3057746,0.363543481,3.417761326,0.385310227,0.406045065,1470.471777,4686.096317,1384,480.1453144,450,198.7430837,45.21405154,3684.985785,1825.475446,1432.212777,0.784569729,1532.748979,6.066445073,0.003957886,7043.21021,108.6380438,197.8804947,2285.458125,5147.814663,46.16471271,0.742682128,28.65436365
26,2.116427071,2.907205436,0.645797382,2,2.176205223,0.151181448,-6150.527798,1550.157982,3386,0.899813978,377,0.100186022,158,0.041987776,232,16,0.004251927,69,151,0.040127558,266,52,0.013818762,3157.555102,4015.495389,88.45004796,934.072645,1022.522693,44.47978339,45.13389785,13.28199459,14.67344164,20.43364717,27.21472477,16.20357665,36.95133002,22.51066058,8.137415221,2.002353351,3.21777533,1453.605439,0.3057746,4.447964976,1.300735999,4.524436694,0.429298712,2476.128132,4554.181524,218,310.2577777,482.6086957,584.4953909,43.187715,4753.846262,378.6734068,190.1692947,0.502198706,1532.748979,83.0580402,0.054188939,6665.268648,119.5315681,195.9934088,2787.242234,5896.510172,35.76377148,0.455669752,27.60692315
27,3.328364089,3.203803085,0.05118936,2,1,0.43858798,-6293.909479,1732.779166,3378,0.897688015,385,0.102311985,238,0.063247409,249,8,0.002125963,17,130,0.034546904,265,9,0.002391709,3157.555102,4044.655811,54.12937203,854.1720619,908.3014339,182.5544547,182.5544547,12.81318775,12.91693826,23.66131383,24.68199796,11.98551701,161.2891921,22.05013724,6.726985489,2.024744934,3.135931427,1452.301773,0.3057746,3.458186485,3.184080708,3.561966407,0.429929477,2360.603207,4524.115976,274,345.4171343,502.9411765,591.2797364,43.52475837,4749.582775,474.2813485,266.1949207,0.561259517,1532.748979,19.24137439,0.012553507,6756.613102,119.9353752,197.2402613,2435.930208,5585.14288,42.97475573,0.526126454,28.28229529
27,4.109852045,0,0.800964181,6,3.405750463,0.058456186,-14997.38528,2757.591039,2810,0.746744619,953,0.253255381,833,0.221365931,836,4,0.001062982,7,113,0.030029232,839,3,0.000797236,3157.555102,12203.40216,28.76896286,334.8030258,363.5719887,446.9694484,446.9694484,14.19688892,14.19688892,17.79049262,17.85403009,8.934617456,519.8528554,11.23902935,7.190916117,2.041290636,4.711346979,1155.337254,0.3057746,0.400482088,4.109851837,0.432823796,0.411152048,1518.909242,4770.036771,1334,511.0319248,578.5714286,217.1202842,50.60108845,3778.39511,1650.4989,1328.383582,0.804837605,1532.748979,6.018599506,0.00392667,6961.642989,123.8577702,198.3466178,2292.218194,4988.684356,47.90876787,0.717200936,29.10661122
28,3.83168699,2.27E-11,0.602266178,7,3.217216812,0.167135751,-17059.60589,2973.404391,2738,0.727610949,1025,0.272389051,911,0.242094074,914,6,0.001594472,9,105,0.027903269,856,3,0.000797236,3157.555102,14211.77162,34.48518276,275.23565,309.7208328,347.0077688,347.0077688,15.24785117,15.24785117,18.48277995,18.54304988,9.513718326,387.3079595,11.58191594,7.566497319,2.037561246,5.055262509,1116.52005,0.3057746,0.301133096,3.831686974,0.336653079,0.407786724,1426.240883,4696.636496,1445,514.8788112,450,198.6335694,47.23064873,3651.447994,1841.87417,1464.888437,0.795324925,1532.748979,8.063531467,0.00526083,7026.071144,114.5192766,198.0034564,2308.626284,5171.078511,46.40397535,0.743345624,28.77538189
28,1,0.389172747,2.28394836,2,3.324013136,0,-6483.007783,1710.730536,3263,0.867127292,500,0.132872708,267,0.070954026,310,37,0.00983258,78,155,0.041190539,425,41,0.010895562,3157.555102,4074.977818,62,687.5251367,749.5251367,39.68660387,39.68660387,10.92726671,10.99822299,16.70878295,18.79132691,9.147757107,31.43854407,13.82988937,5.904594545,2.019609958,3.077698407,1386.834557,0.3057746,2.23222447,0.794871795,2.172536628,0.425018252,2136.359693,4711.817344,414,429.915402,484.6153846,429.0560972,50.65245592,4535.479914,573.6977628,370.3041785,0.6454691,1532.748979,98.4636914,0.064239933,6641.926656,136.787036,197.7608035,2272.65976,4943.838641,50.93841107,0.543059071,28.5179101
29,2.001873034,4.889107734,0,2,2.736031855,0,-5962.98579,1245.10862,3410,0.906191868,353,0.093808132,91,0.024182833,222,27,0.007175126,117,150,0.039861812,280,85,0.02258836,3157.555102,3988.691333,90.08428574,1093.17636,1183.260645,26.21769928,27.38813229,13.04286024,16.45178962,17.58992858,29.37431423,21.38335079,24.11753032,22.70764006,9.957366029,2.001287137,3.270005057,1449.302826,0.3057746,6.211229315,0.80432398,5.828870174,0.425015492,2632.563472,4534.093707,161,264.9696038,526.9230769,592.003223,46.04469512,4739.77507,290.7912559,135.4097869,0.465659761,1532.748979,127.18843,0.0829806,6563.315306,128.1424725,226.0454997,3345.822114,6040.251352,27.65510367,0.384425129,27.608207
29,1.757938494,4.362400212,0,2,2.611537925,0,-6038.765142,1354.926051,3412,0.906723359,351,0.093276641,108,0.028700505,228,29,0.007706617,116,135,0.035875631,251,79,0.020993888,3157.555102,3995.416782,87.89692521,1026.309817,1114.206742,26.46257049,28.42276089,13.02239897,15.87757735,17.55454983,27.95724603,20.92873042,26.07166604,23.26120184,9.490758389,2.00271422,3.271995534,1459.479738,0.3057746,5.488287791,0.813860419,5.158364547,0.427749044,2573.68648,4512.928466,165,251.4467518,515.9482759,551.1723792,38.42896311,4773.057466,312.8419082,141.8675144,0.453479891,1532.748979,117.7392412,0.076815736,6618.648354,106.8721408,205.3264008,3344.530167,6133.760549,29.81125046,0.397524085,27.68251099
30,4.15077008,5.73E-13,0.906112464,7,3.2979599,0.068068689,-16955.4845,3047.081898,2796,0.743024183,967,0.256975817,845,0.224554876,846,1,0.000265745,2,120,0.03188945,783,1,0.000265745,3157.555102,14189.51652,8.301540375,383.2855842,391.5871245,1574.626781,1574.626781,16.31942191,16.31942191,19.99467511,20.01828158,10.25081972,2921.172272,12.57900167,7.804951826,2.054644044,5.135449171,1149.898762,0.3057746,0.453056246,4.150770187,0.462322461,0.411265652,1541.485887,4785.5594,1314,490.1391769,675,216.6094938,47.1125649,3760.609162,1768.906617,1346.841648,0.761397824,1532.748979,1.078078685,0.000703363,7062.264758,116.0892776,198.1596916,2354.484889,5315.886017,44.67307705,0.736028074,28.73898463
30,3.108502433,5,0,2,2.577594266,0.220110775,-5984.99667,1219.042762,3441,0.914429976,322,0.085570024,109,0.02896625,189,11,0.0029232,62,153,0.040659049,237,49,0.013021525,3157.555102,3982.115724,128.3444598,1026.329696,1154.674156,48.85823616,50.48684403,15.63907951,18.70750651,23.84460825,35.41418148,23.25323179,39.30852669,29.31302351,10.97858842,1.976325337,3.321343083,1469.959939,0.3057746,6.495757572,2.139074331,6.832391457,0.427189753,2624.634095,4474.084412,134,231.5356359,515.3225806,741.9581525,48.84557837,4807.331737,269.2318825,127.1129129,0.472131724,1532.748979,77.06243142,0.050277268,6609.312599,136.2088826,198.3681131,3300.143304,6138.455977,25.3383364,0.419888819,27.91201375
